Gene,Score_gda,EI_gda,ensembl
ADA,0.02,1.0,ENSG00000196839
BCL2L11,0.04,1.0,ENSG00000153094
SH2B3,0.1,1.0,ENSG00000111252
COMMD3-BMI1,0.06,1.0,ENSG00000269897
MSH5-SAPCD1,0.1,1.0,ENSG00000204410
DNM1L,0.03,1.0,ENSG00000087470
HUWE1,0.02,1.0,ENSG00000086758
PTPRU,0.02,1.0,ENSG00000060656
EDIL3,0.02,1.0,ENSG00000164176
ACTR2,0.1,1.0,ENSG00000138071
FRY,0.1,1.0,ENSG00000073910
FAM13A,0.1,1.0,ENSG00000138640
TRIM28,0.04,1.0,ENSG00000130726
CDK2,0.02,1.0,ENSG00000123374
RCL1,0.3,1.0,ENSG00000120158
RBM5,0.06,1.0,ENSG00000003756
TNK2,0.32,1.0,ENSG00000061938
CDK4,0.17,1.0,ENSG00000135446
MPZL2,0.1,1.0,ENSG00000149573
FLOT1,0.02,1.0,ENSG00000137312
MSLN,0.02,1.0,ENSG00000102854
CDKN1A,0.05,1.0,ENSG00000124762
CDK2AP2,0.02,1.0,ENSG00000167797
CDKN1B,0.03,1.0,ENSG00000111276
CDKN2A,0.2,0.9329999999999999,ENSG00000147889
APC2,0.03,1.0,ENSG00000115266
CDKN2B,0.33,1.0,ENSG00000147883
NPM3,0.3,1.0,ENSG00000107833
NDRG1,0.02,1.0,ENSG00000104419
YAP1,0.1,1.0,ENSG00000137693
PRMT5,0.03,1.0,ENSG00000100462
C1D,0.1,1.0,ENSG00000197223
TOMM40,0.3,1.0,ENSG00000130204
TACC3,0.02,1.0,ENSG00000013810
ATP5PD,0.3,1.0,ENSG00000167863
CEACAM5,0.1,0.9670000000000001,ENSG00000105388
CIB1,0.02,1.0,ENSG00000185043
NOP56,0.3,1.0,ENSG00000101361
PRDX4,0.03,1.0,ENSG00000123131
AGR2,0.03,1.0,ENSG00000106541
SLC34A2,0.03,1.0,ENSG00000157765
MRPL28,0.02,1.0,ENSG00000086504
CENPA,0.04,1.0,ENSG00000115163
AHSA1,0.07,1.0,ENSG00000100591
SPAG5,0.02,1.0,ENSG00000076382
PDPN,0.09,1.0,ENSG00000162493
POSTN,0.03,1.0,ENSG00000133110
IGF2BP3,0.02,1.0,ENSG00000136231
CEACAM3,0.07,1.0,ENSG00000170956
HPSE,0.02,1.0,ENSG00000173083
ADAM28,0.02,1.0,ENSG00000042980
CPSF4,0.03,1.0,ENSG00000160917
FASTK,0.31,1.0,ENSG00000164896
SUB1,0.03,1.0,ENSG00000113387
MORF4L1,0.1,1.0,ENSG00000185787
ERP29,0.31,1.0,ENSG00000089248
CKAP4,0.02,1.0,ENSG00000136026
COPS5,0.02,1.0,ENSG00000121022
IL24,0.03,1.0,ENSG00000162892
RAB31,0.1,1.0,ENSG00000168461
NUDT21,0.3,1.0,ENSG00000167005
DNAJB4,0.12,1.0,ENSG00000162616
RPP14,0.02,1.0,ENSG00000163684
CHEK1,0.06,1.0,ENSG00000149554
FSTL1,0.07,1.0,ENSG00000163430
STRAP,0.02,1.0,ENSG00000023734
ADAMTS7,0.1,1.0,ENSG00000136378
BAZ1A,0.1,1.0,ENSG00000198604
RASSF1,0.1,1.0,ENSG00000068028
CHEK2,0.02,1.0,ENSG00000183765
KLF8,0.02,1.0,ENSG00000102349
CBX3,0.02,1.0,ENSG00000122565
AZIN2,0.04,0.75,ENSG00000142920
CHRNA5,0.14,1.0,ENSG00000169684
UCN3,0.1,1.0,ENSG00000178473
NLRP3,0.02,1.0,ENSG00000162711
CYGB,0.02,1.0,ENSG00000161544
CLU,0.05,1.0,ENSG00000120885
CCR7,0.02,1.0,ENSG00000126353
HYKK,0.11,1.0,ENSG00000188266
CNTN1,0.03,1.0,ENSG00000018236
COL1A2,0.02,1.0,ENSG00000164692
COL4A5,0.1,1.0,ENSG00000188153
KLF6,0.02,1.0,ENSG00000067082
COX8A,0.02,1.0,ENSG00000176340
MUCL3,0.1,1.0,ENSG00000168631
CLDN4,0.02,1.0,ENSG00000189143
CLDN3,0.03,1.0,ENSG00000165215
CLDN7,0.03,1.0,ENSG00000181885
CREBBP,0.33,1.0,ENSG00000005339
CRK,0.08,1.0,ENSG00000167193
CRKL,0.03,1.0,ENSG00000099942
S100A16,0.03,1.0,ENSG00000188643
PARP1,0.06,1.0,ENSG00000143799
VTI1A,0.1,1.0,ENSG00000151532
MAPK14,0.38,1.0,ENSG00000112062
CCN2,0.02,1.0,ENSG00000118523
CTLA4,0.04,1.0,ENSG00000163599
CTNNB1,0.5,1.0,ENSG00000168036
CTNND1,0.02,1.0,ENSG00000198561
CTNND2,0.02,1.0,ENSG00000169862
CTSD,0.02,1.0,ENSG00000117984
XXYLT1,0.02,1.0,ENSG00000173950
NEK10,0.1,1.0,ENSG00000163491
CYP1A1,0.09,0.889,ENSG00000140465
CYP1B1,0.02,1.0,ENSG00000138061
CYP2A13,0.32,1.0,ENSG00000197838
CYP24A1,0.04,1.0,ENSG00000019186
DACH1,0.05,1.0,ENSG00000276644
PAQR7,0.02,1.0,ENSG00000182749
DDB1,0.02,1.0,ENSG00000167986
DECR1,0.02,1.0,ENSG00000104325
TIMM8A,0.26,1.0,ENSG00000126953
PPP1R18,0.1,1.0,ENSG00000146112
NQO1,0.07,0.857,ENSG00000181019
DIO3,0.02,1.0,ENSG00000197406
AGER,0.06,1.0,ENSG00000204305
DNMT1,0.02,1.0,ENSG00000130816
DNMT3A,0.11,1.0,ENSG00000119772
DPYD,0.03,1.0,ENSG00000188641
ATN1,0.02,1.0,ENSG00000111676
DUSP4,0.02,1.0,ENSG00000120875
DUSP6,0.03,1.0,ENSG00000139318
E2F1,0.06,1.0,ENSG00000101412
E2F3,0.05,1.0,ENSG00000112242
ECT2,0.06,1.0,ENSG00000114346
S1PR1,0.02,1.0,ENSG00000170989
AHCY,0.3,1.0,ENSG00000101444
EGFR,0.7,0.978,ENSG00000146648
EGR1,0.04,1.0,ENSG00000120738
AHR,0.4,1.0,ENSG00000106546
MPZL3,0.1,1.0,ENSG00000160588
EIF2B1,0.3,1.0,ENSG00000111361
FAM227B,0.1,1.0,ENSG00000166262
EIF4E,0.05,1.0,ENSG00000151247
ELAVL2,0.08,0.875,ENSG00000107105
ELF3,0.02,1.0,ENSG00000163435
ENO1,0.35,1.0,ENSG00000074800
ENO2,0.03,1.0,ENSG00000111674
EP300,0.31,1.0,ENSG00000100393
EPAS1,0.07,1.0,ENSG00000116016
EPHA3,0.32,1.0,ENSG00000044524
EPHA5,0.4,1.0,ENSG00000145242
EPHB1,0.11,1.0,ENSG00000154928
EPHB2,0.1,1.0,ENSG00000133216
AK4,0.02,1.0,ENSG00000162433
EPHB6,0.02,1.0,ENSG00000106123
ERBB2,0.5,0.987,ENSG00000141736
ERBB3,0.1,1.0,ENSG00000065361
ERBB4,0.02,1.0,ENSG00000178568
ERCC1,0.4,1.0,ENSG00000012061
ERCC2,0.04,1.0,ENSG00000104884
AKT1,0.4,1.0,ENSG00000142208
AKT2,0.04,1.0,ENSG00000105221
ERN1,0.31,1.0,ENSG00000178607
FBL,0.3,1.0,ENSG00000105202
ESR1,0.1,1.0,ENSG00000091831
ESR2,0.07,1.0,ENSG00000140009
EYA2,0.02,1.0,ENSG00000064655
ALCAM,0.02,1.0,ENSG00000170017
EZH2,0.1,1.0,ENSG00000106462
F2RL1,0.02,1.0,ENSG00000164251
ALDH1A1,0.04,1.0,ENSG00000165092
ALDH3A1,0.02,1.0,ENSG00000108602
ACSL4,0.3,1.0,ENSG00000068366
BPTF,0.12,1.0,ENSG00000171634
FASN,0.31,1.0,ENSG00000169710
FEN1,0.02,1.0,ENSG00000168496
FGF2,0.04,1.0,ENSG00000138685
FGF7,0.1,1.0,ENSG00000140285
FGF9,0.05,1.0,ENSG00000102678
ALDOA,0.3,1.0,ENSG00000149925
FGFR1,0.07,0.857,ENSG00000077782
FGFR3,0.65,1.0,ENSG00000068078
GPC5,0.05,1.0,ENSG00000179399
FGFR2,0.44,0.833,ENSG00000066468
FGFR4,0.34,1.0,ENSG00000160867
VEGFD,0.02,1.0,ENSG00000165197
RALY,0.1,1.0,ENSG00000125970
CCT5,0.3,1.0,ENSG00000150753
TPX2,0.03,1.0,ENSG00000088325
ABCF1,0.1,1.0,ENSG00000204574
FOXM1,0.1,1.0,ENSG00000111206
FOXO3,0.35,1.0,ENSG00000118689
EPB41L3,0.08,1.0,ENSG00000082397
TBC1D9,0.03,1.0,ENSG00000109436
FLOT2,0.02,1.0,ENSG00000132589
FLT1,0.31,1.0,ENSG00000102755
JMJD6,0.02,1.0,ENSG00000070495
RRS1,0.3,1.0,ENSG00000179041
FLT4,0.02,1.0,ENSG00000037280
USP22,0.04,1.0,ENSG00000124422
FN1,0.02,1.0,ENSG00000115414
SIRT1,0.04,1.0,ENSG00000096717
ZFPM2,0.02,1.0,ENSG00000169946
FOLR1,0.06,1.0,ENSG00000110195
FOLR2,0.02,1.0,ENSG00000165457
RPL13A,0.3,1.0,ENSG00000142541
PIGN,0.3,1.0,ENSG00000197563
SMUG1,0.1,1.0,ENSG00000123415
SLC7A11,0.02,1.0,ENSG00000151012
CADM1,0.25,0.833,ENSG00000182985
ALK,0.7,0.977,ENSG00000171094
ALOX5,0.3,1.0,ENSG00000012779
MTOR,0.08,1.0,ENSG00000198793
ABL1,0.03,1.0,ENSG00000097007
FUT2,0.02,1.0,ENSG00000176920
FUT4,0.02,1.0,ENSG00000196371
SFTA3,0.02,1.0,ENSG00000229415
XRCC6,0.3,1.0,ENSG00000196419
GABBR1,0.1,1.0,ENSG00000204681
GABPA,0.1,1.0,ENSG00000154727
RAD54B,0.02,1.0,ENSG00000197275
GALK2,0.1,1.0,ENSG00000156958
BRMS1,0.02,1.0,ENSG00000174744
PRKD2,0.31,1.0,ENSG00000105287
RNF19A,0.07,1.0,ENSG00000034677
ASPM,0.02,1.0,ENSG00000066279
WWTR1,0.02,1.0,ENSG00000018408
GAPDH,0.32,1.0,ENSG00000111640
POLDIP2,0.07,1.0,ENSG00000004142
PRPF31,0.02,1.0,ENSG00000105618
GART,0.3,1.0,ENSG00000159131
GAS6,0.02,1.0,ENSG00000183087
PHGDH,0.02,1.0,ENSG00000092621
GATA1,0.03,1.0,ENSG00000102145
GATA3,0.06,1.0,ENSG00000107485
GATA6,0.02,1.0,ENSG00000141448
AK5,0.1,1.0,ENSG00000154027
GBE1,0.02,1.0,ENSG00000114480
TIMM10,0.3,1.0,ENSG00000134809
LATS2,0.33,1.0,ENSG00000150457
GJA1,0.02,1.0,ENSG00000152661
ATP2C1,0.02,1.0,ENSG00000017260
GJB1,0.02,1.0,ENSG00000169562
FOXP1,0.22,1.0,ENSG00000114861
DKK3,0.02,1.0,ENSG00000050165
GPC3,0.02,1.0,ENSG00000147257
HPGDS,0.03,1.0,ENSG00000163106
TOX3,0.02,1.0,ENSG00000103460
STK39,0.3,1.0,ENSG00000198648
GLI1,0.04,0.75,ENSG00000111087
GLI2,0.02,1.0,ENSG00000074047
EML4,0.4,0.98,ENSG00000143924
GNAS,0.12,1.0,ENSG00000087460
GNG11,0.3,1.0,ENSG00000127920
SFN,0.38,1.0,ENSG00000175793
GPI,0.2,1.0,ENSG00000105220
ANG,0.02,1.0,ENSG00000214274
RASSF3,0.1,1.0,ENSG00000153179
ANGPT1,0.02,1.0,ENSG00000154188
CXCL17,0.02,1.0,ENSG00000189377
RGMB,0.02,1.0,ENSG00000174136
DCBLD1,0.11,1.0,ENSG00000164465
GRK6,0.02,1.0,ENSG00000198055
GPX2,0.02,1.0,ENSG00000176153
GRB2,0.02,1.0,ENSG00000177885
TRIB2,0.02,1.0,ENSG00000071575
LAMTOR2,0.02,1.0,ENSG00000116586
BZW2,0.3,1.0,ENSG00000136261
KLF15,0.02,1.0,ENSG00000163884
ATAD2,0.03,1.0,ENSG00000156802
SETD2,0.07,1.0,ENSG00000181555
BABAM1,0.1,1.0,ENSG00000105393
ARHGAP35,0.31,1.0,ENSG00000160007
RANGRF,0.3,1.0,ENSG00000108961
NXT1,0.02,1.0,ENSG00000132661
CD274,0.1,0.95,ENSG00000120217
GRP,0.02,1.0,ENSG00000134443
GSK3B,0.03,1.0,ENSG00000082701
GSN,0.02,1.0,ENSG00000148180
GSTM1,0.08,0.875,ENSG00000134184
MSH6,0.3,1.0,ENSG00000116062
PSAT1,0.31,1.0,ENSG00000135069
UBQLN1,0.02,1.0,ENSG00000135018
GZMB,0.02,1.0,ENSG00000100453
ANXA1,0.33,1.0,ENSG00000135046
HSD17B10,0.3,1.0,ENSG00000072506
HDAC1,0.04,1.0,ENSG00000116478
HELLS,0.31,1.0,ENSG00000119969
ANXA5,0.32,1.0,ENSG00000164111
HGF,0.1,1.0,ENSG00000019991
ZNRD1,0.1,1.0,ENSG00000066379
NRG1,0.18,0.9,ENSG00000157168
HIF1A,0.1,1.0,ENSG00000100644
HK1,0.3,1.0,ENSG00000156515
HK2,0.3,1.0,ENSG00000159399
HLA-A,0.11,1.0,ENSG00000206503
HLA-B,0.1,1.0,ENSG00000234745
HLA-DQA1,0.1,1.0,ENSG00000196735
HLA-DQA2,0.1,1.0,ENSG00000237541
HMGB1,0.03,1.0,ENSG00000189403
HMGB2,0.3,1.0,ENSG00000164104
HMMR,0.03,1.0,ENSG00000072571
HMOX1,0.04,1.0,ENSG00000100292
FOXA1,0.03,1.0,ENSG00000129514
FOXA2,0.04,1.0,ENSG00000125798
HNRNPA1,0.31,1.0,ENSG00000135486
HOXB2,0.02,1.0,ENSG00000173917
HOXB3,0.02,1.0,ENSG00000120093
HOXB7,0.02,1.0,ENSG00000260027
APC,0.41,1.0,ENSG00000134982
HRAS,0.5,0.9229999999999999,ENSG00000174775
APEX1,0.35,1.0,ENSG00000100823
HSPA4,0.02,1.0,ENSG00000170606
HSPA5,0.03,1.0,ENSG00000044574
XIAP,0.02,1.0,ENSG00000101966
HSPB1,0.33,1.0,ENSG00000106211
HSPB2,0.02,1.0,ENSG00000170276
BIRC5,0.03,1.0,ENSG00000089685
HSP90AA1,0.06,1.0,ENSG00000080824
ICAM1,0.04,1.0,ENSG00000090339
ID1,0.03,1.0,ENSG00000125968
GADL1,0.04,0.75,ENSG00000144644
ID3,0.02,1.0,ENSG00000117318
ID4,0.02,1.0,ENSG00000172201
IDH1,0.12,1.0,ENSG00000138413
IFNG,0.08,1.0,ENSG00000111537
MACC1,0.06,1.0,ENSG00000183742
IGF1,0.07,1.0,ENSG00000017427
APOE,0.02,1.0,ENSG00000130203
IGF1R,0.1,1.0,ENSG00000140443
IGF2,0.02,1.0,ENSG00000167244
IGF2R,0.2,1.0,ENSG00000197081
IGFBP7,0.02,1.0,ENSG00000163453
FAS,0.02,1.0,ENSG00000026103
IKBKB,0.02,1.0,ENSG00000104365
IL1B,0.04,1.0,ENSG00000125538
IL6,0.1,1.0,ENSG00000136244
CXCL8,0.06,1.0,ENSG00000169429
CXCR2,0.02,1.0,ENSG00000180871
IL10,0.03,1.0,ENSG00000136634
IL12RB2,0.02,1.0,ENSG00000081985
AQP3,0.02,1.0,ENSG00000165272
AQP4,0.33,1.0,ENSG00000171885
IMPDH2,0.3,1.0,ENSG00000178035
IDO1,0.05,1.0,ENSG00000131203
INHBA,0.02,1.0,ENSG00000122641
EIF3E,0.3,1.0,ENSG00000104408
IREB2,0.11,1.0,ENSG00000136381
IRF3,0.03,1.0,ENSG00000126456
IRF4,0.11,1.0,ENSG00000137265
IRS1,0.02,1.0,ENSG00000169047
AR,0.02,1.0,ENSG00000169083
ARAF,0.41,1.0,ENSG00000078061
JAK1,0.03,1.0,ENSG00000162434
JAK2,0.08,1.0,ENSG00000096968
JUN,0.02,1.0,ENSG00000177606
JUNB,0.31,1.0,ENSG00000171223
TRIM23,0.02,1.0,ENSG00000113595
GSTK1,0.02,1.0,ENSG00000197448
CD82,0.02,1.0,ENSG00000085117
MIGA1,0.1,1.0,ENSG00000180488
KDR,0.36,1.0,ENSG00000128052
KIF5B,0.1,1.0,ENSG00000170759
ARG1,0.31,1.0,ENSG00000118520
KPNA2,0.31,1.0,ENSG00000182481
IPO5,0.3,1.0,ENSG00000065150
KRAS,0.7,0.9670000000000001,ENSG00000133703
KRT5,0.02,1.0,ENSG00000186081
KRT7,0.06,0.833,ENSG00000135480
KRT8,0.11,1.0,ENSG00000170421
RHOA,0.11,1.0,ENSG00000067560
KRT19,0.05,1.0,ENSG00000171345
SFTA2,0.11,1.0,ENSG00000196260
RPSA,0.33,1.0,ENSG00000168028
STMN1,0.05,1.0,ENSG00000117632
LCN2,0.04,1.0,ENSG00000148346
LDHA,0.32,1.0,ENSG00000134333
LDHB,0.02,1.0,ENSG00000111716
LGALS1,0.06,1.0,ENSG00000100097
LGALS3,0.02,1.0,ENSG00000131981
LGALS4,0.02,1.0,ENSG00000171747
LMNA,0.31,1.0,ENSG00000160789
LMNB1,0.3,1.0,ENSG00000113368
LOX,0.03,1.0,ENSG00000113083
LOXL2,0.02,1.0,ENSG00000134013
LPP,0.02,1.0,ENSG00000145012
LUM,0.02,1.0,ENSG00000139329
EPCAM,0.04,1.0,ENSG00000119888
ARRB1,0.02,1.0,ENSG00000137486
SMAD2,0.04,1.0,ENSG00000175387
SMAD3,0.08,1.0,ENSG00000166949
SMAD4,0.14,1.0,ENSG00000141646
MCL1,0.03,1.0,ENSG00000143384
MCM4,0.02,1.0,ENSG00000104738
MDM2,0.1,1.0,ENSG00000135679
MEN1,0.02,1.0,ENSG00000133895
MEST,0.04,1.0,ENSG00000106484
MET,0.1,1.0,ENSG00000105976
MGMT,0.04,1.0,ENSG00000170430
MKI67,0.02,1.0,ENSG00000148773
ASCL1,0.05,1.0,ENSG00000139352
MLH1,0.33,1.0,ENSG00000076242
NR3C2,0.02,1.0,ENSG00000151623
MMP2,0.1,1.0,ENSG00000087245
MMP9,0.1,1.0,ENSG00000100985
MMP10,0.02,1.0,ENSG00000166670
MMP14,0.02,1.0,ENSG00000157227
MMP15,0.02,1.0,ENSG00000102996
MRE11,0.21,1.0,ENSG00000020922
ABCC1,0.04,1.0,ENSG00000103222
MSH2,0.02,1.0,ENSG00000095002
MSH3,0.3,1.0,ENSG00000113318
MSN,0.02,1.0,ENSG00000147065
MSR1,0.04,1.0,ENSG00000038945
MTAP,0.1,1.0,ENSG00000099810
MTHFR,0.02,1.0,ENSG00000177000
MTX1,0.1,1.0,ENSG00000173171
MUC1,0.1,1.0,ENSG00000185499
MUC4,0.07,1.0,ENSG00000145113
MUC5AC,0.03,1.0,ENSG00000215182
MYC,0.5,1.0,ENSG00000136997
MYCL,0.02,1.0,ENSG00000116990
CEACAM6,0.03,1.0,ENSG00000086548
NCL,0.32,1.0,ENSG00000115053
NDUFC2,0.02,1.0,ENSG00000151366
ATM,0.4,0.9,ENSG00000149311
NEDD4,0.02,1.0,ENSG00000069869
RPL10A,0.3,1.0,ENSG00000198755
NEDD9,0.03,1.0,ENSG00000111859
NEK2,0.02,1.0,ENSG00000117650
NF1,0.02,1.0,ENSG00000196712
NF2,0.02,1.0,ENSG00000186575
NFE2L2,0.2,1.0,ENSG00000116044
NOTCH1,0.1,1.0,ENSG00000148400
NOTCH3,0.03,1.0,ENSG00000074181
NPM1,0.3,1.0,ENSG00000181163
NRAS,0.42,1.0,ENSG00000213281
YBX1,0.02,1.0,ENSG00000065978
NTRK1,0.02,1.0,ENSG00000198400
NTRK2,0.32,1.0,ENSG00000148053
NTRK3,0.31,1.0,ENSG00000140538
ROR1,0.03,1.0,ENSG00000185483
DDR2,0.31,1.0,ENSG00000162733
OGG1,0.38,1.0,ENSG00000114026
OSM,0.03,1.0,ENSG00000099985
PAK1,0.02,1.0,ENSG00000149269
PRKN,0.02,1.0,ENSG00000185345
F11R,0.02,1.0,ENSG00000158769
PCBD1,0.3,1.0,ENSG00000166228
FOXP3,0.05,1.0,ENSG00000049768
POLR1D,0.3,1.0,ENSG00000186184
ING4,0.03,1.0,ENSG00000111653
DCTN4,0.1,1.0,ENSG00000132912
CLDN18,0.06,1.0,ENSG00000066405
GOLM1,0.31,1.0,ENSG00000135052
FKBP11,0.3,1.0,ENSG00000134285
PDCD1,0.1,0.917,ENSG00000188389
NOP58,0.3,1.0,ENSG00000055044
SF3B6,0.02,1.0,ENSG00000115128
GINS2,0.02,1.0,ENSG00000131153
PDK4,0.02,1.0,ENSG00000004799
PECAM1,0.04,1.0,ENSG00000261371
PGR,0.03,1.0,ENSG00000082175
ABCB1,0.09,1.0,ENSG00000085563
SLC25A3,0.02,1.0,ENSG00000075415
SERPINA1,0.02,1.0,ENSG00000197249
PIK3CA,0.5,0.9790000000000001,ENSG00000121879
PIK3CB,0.1,1.0,ENSG00000051382
PIK3CD,0.1,1.0,ENSG00000171608
PIK3CG,0.1,1.0,ENSG00000105851
PKM,0.05,1.0,ENSG00000067225
PLA2G2A,0.02,1.0,ENSG00000188257
LRP1B,0.02,1.0,ENSG00000168702
PLK1,0.06,1.0,ENSG00000166851
ERRFI1,0.03,1.0,ENSG00000116285
GAR1,0.3,1.0,ENSG00000109534
ANLN,0.03,1.0,ENSG00000011426
ATR,0.32,1.0,ENSG00000175054
RBM47,0.02,1.0,ENSG00000163694
POU5F1,0.05,1.0,ENSG00000204531
PPARG,0.07,0.7140000000000001,ENSG00000132170
GIPC2,0.1,1.0,ENSG00000137960
PPP2R1A,0.1,1.0,ENSG00000105568
PTPA,0.03,1.0,ENSG00000119383
IMP3,0.02,1.0,ENSG00000177971
FBXW7,0.14,1.0,ENSG00000109670
PPP3CA,0.3,1.0,ENSG00000138814
RNLS,0.1,1.0,ENSG00000184719
STRBP,0.3,1.0,ENSG00000165209
PRKAA1,0.02,1.0,ENSG00000132356
PRKAA2,0.02,1.0,ENSG00000162409
PRKAB1,0.02,1.0,ENSG00000111725
PRKAR1A,0.02,1.0,ENSG00000108946
PRKCA,0.04,1.0,ENSG00000154229
CMTR2,0.31,1.0,ENSG00000180917
AXL,0.06,1.0,ENSG00000167601
PAG1,0.02,1.0,ENSG00000076641
PRKCI,0.02,1.0,ENSG00000163558
ACTR10,0.02,1.0,ENSG00000131966
PBK,0.02,1.0,ENSG00000168078
LMO3,0.02,1.0,ENSG00000048540
PRKCZ,0.03,1.0,ENSG00000067606
PRKDC,0.31,1.0,ENSG00000253729
APOM,0.1,1.0,ENSG00000204444
MAPK1,0.1,1.0,ENSG00000100030
MAPK3,0.04,1.0,ENSG00000102882
MAPK8,0.05,1.0,ENSG00000107643
MYDGF,0.02,1.0,ENSG00000074842
MAP2K1,0.65,0.857,ENSG00000169032
MAP2K7,0.1,1.0,ENSG00000076984
BEX4,0.02,1.0,ENSG00000102409
PPAN,0.3,1.0,ENSG00000130810
CCL28,0.02,1.0,ENSG00000151882
TMPRSS4,0.03,1.0,ENSG00000137648
B2M,0.1,1.0,ENSG00000166710
RETN,0.02,1.0,ENSG00000104918
SLC12A9,0.03,1.0,ENSG00000146828
ACKR3,0.02,1.0,ENSG00000144476
AKR1B10,0.04,0.75,ENSG00000198074
PCBP4,0.02,1.0,ENSG00000090097
PSMD2,0.02,1.0,ENSG00000175166
ACTR3B,0.02,1.0,ENSG00000133627
PTEN,0.1,1.0,ENSG00000171862
S100A14,0.03,1.0,ENSG00000189334
PTGS2,0.1,0.9570000000000001,ENSG00000073756
PTHLH,0.02,1.0,ENSG00000087494
PTK2,0.02,1.0,ENSG00000169398
PTK7,0.03,1.0,ENSG00000112655
PTN,0.02,1.0,ENSG00000105894
CIP2A,0.03,1.0,ENSG00000163507
TRIB3,0.02,1.0,ENSG00000101255
PTPN11,0.12,1.0,ENSG00000179295
PTPRG,0.02,1.0,ENSG00000144724
PXN,0.03,1.0,ENSG00000089159
PYCR1,0.03,1.0,ENSG00000183010
ALDH18A1,0.3,1.0,ENSG00000059573
RAC1,0.05,1.0,ENSG00000129538
RAC3,0.02,1.0,ENSG00000169750
RAD9A,0.03,1.0,ENSG00000172613
RAD51B,0.1,1.0,ENSG00000182185
MOK,0.03,1.0,ENSG00000080823
RAD52,0.02,1.0,ENSG00000002016
RAF1,0.43,1.0,ENSG00000132155
RASA1,0.32,1.0,ENSG00000145715
RBM3,0.02,1.0,ENSG00000102317
CCND1,0.1,1.0,ENSG00000110092
BCL2,0.1,1.0,ENSG00000171791
RDX,0.02,1.0,ENSG00000137710
RELA,0.03,1.0,ENSG00000173039
RELB,0.02,1.0,ENSG00000104856
RFC4,0.31,1.0,ENSG00000163918
ACTB,0.06,1.0,ENSG00000075624
RIT1,0.02,1.0,ENSG00000143622
ABCE1,0.03,1.0,ENSG00000164163
ROCK1,0.02,1.0,ENSG00000067900
ROS1,0.7,1.0,ENSG00000047936
RPL27A,0.3,1.0,ENSG00000166441
RPL36A,0.33,1.0,ENSG00000241343
MRPL12,0.3,1.0,ENSG00000262814
RRM1,0.3,1.0,ENSG00000167325
RRM2,0.31,1.0,ENSG00000171848
BDNF,0.02,1.0,ENSG00000176697
S100A2,0.02,1.0,ENSG00000196754
S100A4,0.03,1.0,ENSG00000196154
S100A9,0.06,1.0,ENSG00000163220
S100B,0.02,1.0,ENSG00000160307
CFB,0.1,1.0,ENSG00000243649
SATB1,0.3,1.0,ENSG00000182568
ATXN2,0.1,1.0,ENSG00000204842
SCT,0.02,1.0,ENSG00000070031
CCL2,0.05,1.0,ENSG00000108691
CCL5,0.04,1.0,ENSG00000271503
CCL19,0.02,1.0,ENSG00000172724
CXCL5,0.02,1.0,ENSG00000163735
SRR,0.3,1.0,ENSG00000167720
SDC2,0.03,1.0,ENSG00000169439
PRDM16,0.02,1.0,ENSG00000142611
SELP,0.02,1.0,ENSG00000174175
SFRP1,0.02,1.0,ENSG00000104332
SRSF1,0.02,1.0,ENSG00000136450
SFTPB,0.05,1.0,ENSG00000168878
SFTPC,0.34,0.8,ENSG00000168484
GORASP1,0.03,1.0,ENSG00000114745
SHMT1,0.33,1.0,ENSG00000176974
BMI1,0.07,1.0,ENSG00000168283
GNPNAT1,0.3,1.0,ENSG00000100522
CDCP1,0.03,1.0,ENSG00000163814
MRPS5,0.3,1.0,ENSG00000144029
SKP2,0.02,1.0,ENSG00000145604
MARCKSL1,0.02,1.0,ENSG00000175130
WNK1,0.34,1.0,ENSG00000060237
SLC2A1,0.1,1.0,ENSG00000117394
SFTPA1,0.04,1.0,ENSG00000122852
ACTR3C,0.02,1.0,ENSG00000106526
SLC15A2,0.3,1.0,ENSG00000163406
SLC19A1,0.3,1.0,ENSG00000173638
SMARCA1,0.02,1.0,ENSG00000102038
SMARCA2,0.02,1.0,ENSG00000080503
SMARCA4,0.04,1.0,ENSG00000127616
STK33,0.02,1.0,ENSG00000130413
SMARCC1,0.3,1.0,ENSG00000173473
SNAI1,0.03,1.0,ENSG00000124216
SNCA,0.02,1.0,ENSG00000145335
SNRPG,0.3,1.0,ENSG00000143977
SOAT1,0.02,1.0,ENSG00000057252
SOD2,0.33,1.0,ENSG00000112096
SOS1,0.41,1.0,ENSG00000115904
SOX2,0.37,1.0,ENSG00000181449
SOX4,0.02,1.0,ENSG00000124766
SOX5,0.03,1.0,ENSG00000134532
SOX9,0.03,1.0,ENSG00000125398
SP1,0.02,1.0,ENSG00000185591
SPP1,0.1,1.0,ENSG00000118785
SRC,0.03,1.0,ENSG00000197122
BRCA1,0.05,1.0,ENSG00000012048
SRF,0.02,1.0,ENSG00000112658
SRM,0.3,1.0,ENSG00000116649
BRAF,0.7,1.0,ENSG00000157764
BRCA2,0.13,1.0,ENSG00000139618
STAT1,0.05,1.0,ENSG00000115415
STAT3,0.1,1.0,ENSG00000168610
STAT6,0.02,1.0,ENSG00000166888
AURKA,0.05,1.0,ENSG00000087586
STK11,0.7,1.0,ENSG00000118046
BSG,0.03,1.0,ENSG00000172270
SYK,0.02,1.0,ENSG00000165025
SYT1,0.03,1.0,ENSG00000067715
ADAM17,0.05,1.0,ENSG00000151694
TAGLN,0.02,1.0,ENSG00000149591
KLF5,0.31,1.0,ENSG00000102554
TAZ,0.03,1.0,ENSG00000102125
HNF1B,0.1,1.0,ENSG00000275410
ZEB1,0.09,1.0,ENSG00000148516
TCF19,0.11,1.0,ENSG00000137310
TERT,0.1,1.0,ENSG00000164362
TF,0.3,1.0,ENSG00000091513
TFRC,0.03,1.0,ENSG00000072274
TGFA,0.04,1.0,ENSG00000163235
TGFB1,0.1,0.9470000000000001,ENSG00000105329
TGFBR2,0.05,1.0,ENSG00000163513
THBS1,0.02,1.0,ENSG00000137801
TIAM1,0.02,1.0,ENSG00000156299
TIMP1,0.04,1.0,ENSG00000102265
TIMP2,0.02,1.0,ENSG00000035862
NKX2-1,0.1,0.965,ENSG00000136352
TK1,0.31,1.0,ENSG00000167900
TLE1,0.02,1.0,ENSG00000196781
TLR4,0.02,1.0,ENSG00000136869
TNF,0.1,1.0,ENSG00000232810
TNXB,0.1,1.0,ENSG00000168477
TOP2A,0.32,1.0,ENSG00000131747
TP53,0.4,0.991,ENSG00000141510
TPI1,0.31,1.0,ENSG00000111669
C2,0.1,1.0,ENSG00000166278
TPT1,0.03,1.0,ENSG00000133112
TRAF6,0.02,1.0,ENSG00000175104
TSC1,0.02,1.0,ENSG00000165699
TSC2,0.02,1.0,ENSG00000103197
TTF1,0.4,1.0,ENSG00000125482
MUC5B,0.02,1.0,ENSG00000117983
SFTPA2,0.03,1.0,ENSG00000185303
TYMS,0.4,0.882,ENSG00000176890
U2AF1,0.13,1.0,ENSG00000160201
UBE2I,0.03,1.0,ENSG00000103275
SUMO1,0.02,1.0,ENSG00000116030
SCGB1A1,0.02,1.0,ENSG00000149021
UCK2,0.3,1.0,ENSG00000143179
USP4,0.02,1.0,ENSG00000114316
UVRAG,0.02,1.0,ENSG00000198382
VAV1,0.3,1.0,ENSG00000141968
VEGFA,0.1,0.9229999999999999,ENSG00000112715
VEGFC,0.04,1.0,ENSG00000150630
EZR,0.04,1.0,ENSG00000092820
VIM,0.09,1.0,ENSG00000026025
VIPR1,0.02,1.0,ENSG00000114812
XPC,0.32,1.0,ENSG00000154767
XRCC1,0.04,0.75,ENSG00000073050
XRCC5,0.36,1.0,ENSG00000079246
YWHAZ,0.03,1.0,ENSG00000164924
ZFP36,0.02,1.0,ENSG00000128016
DDR1,0.02,1.0,ENSG00000204580
CXCR4,0.03,1.0,ENSG00000121966
WDR77,0.02,1.0,ENSG00000116455
BHLHE41,0.02,1.0,ENSG00000123095
CALB2,0.02,1.0,ENSG00000172137
AIMP2,0.07,1.0,ENSG00000106305
CENPU,0.02,1.0,ENSG00000151725
IPO4,0.3,1.0,ENSG00000196497
NANOG,0.02,1.0,ENSG00000111704
WLS,0.02,1.0,ENSG00000116729
CCDC6,0.02,1.0,ENSG00000108091
TET1,0.02,1.0,ENSG00000138336
RNF39,0.1,1.0,ENSG00000204618
PDCD1LG2,0.05,1.0,ENSG00000197646
FOSL1,0.02,1.0,ENSG00000175592
COL18A1,0.02,1.0,ENSG00000182871
ACTN4,0.02,1.0,ENSG00000130402
SLC2A10,0.1,1.0,ENSG00000197496
CLPTM1L,0.46,1.0,ENSG00000049656
ANP32A,0.3,1.0,ENSG00000140350
NECTIN4,0.02,1.0,ENSG00000143217
MIA,0.02,1.0,ENSG00000261857
KIF18A,0.03,1.0,ENSG00000121621
NCOA3,0.02,1.0,ENSG00000124151
CAPG,0.3,1.0,ENSG00000042493
RBM10,0.06,1.0,ENSG00000182872
NAA10,0.31,1.0,ENSG00000102030
H2BC4,0.3,1.0,ENSG00000180596
CASP3,0.1,1.0,ENSG00000164305
SESN2,0.02,1.0,ENSG00000130766
GRWD1,0.3,1.0,ENSG00000105447
USHBP1,0.1,1.0,ENSG00000130307
PLA2G10,0.02,1.0,ENSG00000069764
SPOP,0.02,1.0,ENSG00000121067
ULK1,0.31,1.0,ENSG00000177169
CASP8,0.04,1.0,ENSG00000064012
TCHP,0.02,1.0,ENSG00000139437
DOT1L,0.3,1.0,ENSG00000104885
HOPX,0.02,1.0,ENSG00000171476
TUBA1C,0.1,1.0,ENSG00000167553
PHF5A,0.02,1.0,ENSG00000100410
HAVCR2,0.04,1.0,ENSG00000135077
RSPO3,0.02,1.0,ENSG00000146374
MFSD2A,0.02,1.0,ENSG00000168389
CAV1,0.09,1.0,ENSG00000105974
TP63,0.5,0.929,ENSG00000073282
RUNX3,0.06,1.0,ENSG00000020633
TNKS,0.02,1.0,ENSG00000173273
SLC4A4,0.3,1.0,ENSG00000080493
BECN1,0.02,1.0,ENSG00000126581
ABCC3,0.02,1.0,ENSG00000108846
MBTPS1,0.02,1.0,ENSG00000140943
TNFSF10,0.32,1.0,ENSG00000121858
ADAM9,0.03,1.0,ENSG00000168615
PABPC4,0.3,1.0,ENSG00000090621
SUCLG2,0.3,1.0,ENSG00000172340
PROM1,0.1,1.0,ENSG00000007062
CCK,0.03,1.0,ENSG00000187094
KAT2B,0.03,1.0,ENSG00000114166
STK19,0.1,1.0,ENSG00000204344
EIF2B4,0.3,1.0,ENSG00000115211
EIF2B5,0.3,1.0,ENSG00000145191
MBD2,0.04,1.0,ENSG00000134046
H1-10,0.2,1.0,ENSG00000184897
WNT3A,0.02,1.0,ENSG00000154342
SELENBP1,0.02,1.0,ENSG00000143416
SOCS3,0.02,1.0,ENSG00000184557
DOK2,0.04,1.0,ENSG00000147443
GPRC5A,0.04,1.0,ENSG00000013588
PRC1,0.02,1.0,ENSG00000198901
CLDN1,0.05,1.0,ENSG00000163347
LDB2,0.1,1.0,ENSG00000169744
USP14,0.02,1.0,ENSG00000101557
ACVR1B,0.11,1.0,ENSG00000135503
USP8,0.02,1.0,ENSG00000138592
RGN,0.02,1.0,ENSG00000130988
PDCD5,0.02,1.0,ENSG00000105185
SYNGR2,0.1,1.0,ENSG00000108639
CABLES1,0.1,1.0,ENSG00000134508
NAF1,0.1,1.0,ENSG00000145414
MS4A1,0.31,1.0,ENSG00000156738
KLF4,0.02,1.0,ENSG00000136826
SLIT2,0.02,1.0,ENSG00000145147
GRAP2,0.07,1.0,ENSG00000100351
SFXN1,0.3,1.0,ENSG00000164466
CD80,0.02,1.0,ENSG00000121594
ABCG2,0.04,1.0,ENSG00000118777
QKI,0.02,1.0,ENSG00000112531
MAP4K4,0.02,1.0,ENSG00000071054
CD34,0.02,1.0,ENSG00000174059
NAPSA,0.1,1.0,ENSG00000131400
SLC4A7,0.3,1.0,ENSG00000033867
GDF15,0.04,1.0,ENSG00000130513
APOBEC3B,0.32,1.0,ENSG00000179750
CD40LG,0.03,1.0,ENSG00000102245
CD44,0.1,1.0,ENSG00000026508
CD68,0.02,1.0,ENSG00000129226
CD74,0.03,1.0,ENSG00000019582
HDAC9,0.02,1.0,ENSG00000048052
KEAP1,0.4,1.0,ENSG00000079999
CDK1,0.02,1.0,ENSG00000170312
ZEB2,0.04,1.0,ENSG00000169554
CDC20,0.03,1.0,ENSG00000117399
MFN2,0.03,1.0,ENSG00000116688
MVP,0.03,1.0,ENSG00000013364
CDH1,0.23,1.0,ENSG00000039068
