,myID,0,1
242,ENSG00000184009,0.006834833,0.9931652
2270,ENSG00000070831,0.014067075,0.98593295
9997,ENSG00000081237,0.014217045,0.985783
6973,ENSG00000188906,0.016983997,0.98301595
2978,ENSG00000118260,0.020947522,0.9790525
8041,ENSG00000149294,0.02234616,0.97765386
7895,ENSG00000172936,0.022673488,0.9773265
6186,ENSG00000187608,0.022867719,0.9771323
4838,ENSG00000010810,0.02568664,0.9743133
6219,ENSG00000150093,0.025799524,0.9742004
4724,ENSG00000170345,0.025810126,0.9741899
9568,ENSG00000186951,0.027589701,0.9724103
13506,ENSG00000136810,0.028380906,0.97161907
6216,ENSG00000169896,0.030886639,0.96911335
6221,ENSG00000160255,0.032252956,0.96774703
5836,ENSG00000204389,0.032882866,0.96711713
13559,ENSG00000150991,0.03298308,0.9670169
2374,ENSG00000172216,0.033069365,0.9669306
5495,ENSG00000101336,0.03310003,0.96689993
13558,ENSG00000170315,0.033148352,0.96685165
5844,ENSG00000109971,0.03363448,0.9663655
2246,ENSG00000153563,0.033786606,0.96621335
2116,ENSG00000134057,0.034251984,0.96574795
10554,ENSG00000135828,0.03556103,0.964439
6222,ENSG00000259207,0.035563976,0.96443605
3155,ENSG00000107562,0.03579138,0.96420866
5416,ENSG00000179240,0.036308046,0.96369195
1248,ENSG00000151929,0.03675477,0.9632452
814,ENSG00000142192,0.036954466,0.96304554
3197,ENSG00000172115,0.037158243,0.96284175
5508,ENSG00000094631,0.037433654,0.9625664
4072,ENSG00000142627,0.03744018,0.96255976
12169,ENSG00000126561,0.037702426,0.96229756
1308,ENSG00000171552,0.03951759,0.9604824
4744,ENSG00000150907,0.040247403,0.9597526
10764,ENSG00000143947,0.04061917,0.95938087
4812,ENSG00000140564,0.040931188,0.9590688
6677,ENSG00000185896,0.041449647,0.95855033
2115,ENSG00000145386,0.042499736,0.9575003
6261,ENSG00000105639,0.04304808,0.9569519
2105,ENSG00000277632,0.04407969,0.95592034
7874,ENSG00000157601,0.044210587,0.95578945
5356,ENSG00000104687,0.046195466,0.9538045
4998,ENSG00000131095,0.04692045,0.9530795
3111,ENSG00000164733,0.047020268,0.95297974
714,ENSG00000182718,0.04742303,0.95257694
3822,ENSG00000078401,0.047693595,0.9523064
240,ENSG00000107796,0.047981817,0.9520182
2304,ENSG00000179776,0.04851322,0.9514868
7044,ENSG00000254087,0.048557255,0.9514428
22,ENSG00000165029,0.0487287,0.95127136
3838,ENSG00000167658,0.04877943,0.9512205
11890,ENSG00000142168,0.048814982,0.95118505
12739,ENSG00000104067,0.04887735,0.95112264
399,ENSG00000081051,0.049407374,0.95059264
5780,ENSG00000165704,0.049635325,0.9503647
8219,ENSG00000077150,0.049678978,0.950321
2218,ENSG00000101017,0.04993766,0.95006233
10163,ENSG00000128340,0.051069733,0.94893026
9591,ENSG00000108179,0.05171542,0.94828457
6735,ENSG00000130164,0.05214427,0.9478558
1057,ENSG00000162772,0.05287597,0.947124
1844,ENSG00000179218,0.05293836,0.94706166
5854,ENSG00000144381,0.055144664,0.94485533
2595,ENSG00000213341,0.05523293,0.94476706
1937,ENSG00000121691,0.056362268,0.94363767
13582,ENSG00000177889,0.056449752,0.9435502
12492,ENSG00000183735,0.056482818,0.9435172
8235,ENSG00000134259,0.056554295,0.9434457
6526,ENSG00000157404,0.05662615,0.94337386
1497,ENSG00000010671,0.056651983,0.94334793
3829,ENSG00000156508,0.056894258,0.94310576
5845,ENSG00000113013,0.056918707,0.94308126
13545,ENSG00000221983,0.057889976,0.94211
6061,ENSG00000166333,0.05861203,0.941388
6218,ENSG00000140678,0.058771376,0.9412287
5975,ENSG00000146674,0.06030361,0.93969643
451,ENSG00000204472,0.060448196,0.93955183
6100,ENSG00000168918,0.060717855,0.9392821
8600,ENSG00000135114,0.061409846,0.9385902
13831,ENSG00000164944,0.06167941,0.93832064
12761,ENSG00000174125,0.061713092,0.9382869
9343,ENSG00000197943,0.06210734,0.9378927
8361,ENSG00000164867,0.062273443,0.93772656
6718,ENSG00000182866,0.062290475,0.9377095
709,ENSG00000166825,0.062514104,0.9374859
3330,ENSG00000175197,0.0629985,0.9370015
9246,ENSG00000145675,0.063155755,0.9368442
3551,ENSG00000069345,0.063424036,0.93657595
5837,ENSG00000204388,0.06385385,0.93614614
12051,ENSG00000072310,0.06414562,0.9358544
13542,ENSG00000126261,0.06418727,0.9358127
13522,ENSG00000105397,0.064259246,0.93574077
12640,ENSG00000106799,0.06438359,0.93561643
13804,ENSG00000162692,0.06455599,0.93544406
2159,ENSG00000163468,0.064598955,0.935401
6210,ENSG00000091409,0.0648574,0.93514264
5660,ENSG00000184678,0.06503531,0.93496466
3134,ENSG00000036257,0.06558562,0.9344144
11406,ENSG00000113558,0.065848,0.934152
9878,ENSG00000143106,0.06598001,0.93402
10335,ENSG00000168214,0.06641063,0.9335894
3194,ENSG00000165168,0.066414915,0.9335851
12637,ENSG00000092969,0.06668525,0.93331474
10768,ENSG00000149273,0.0667918,0.93320817
10524,ENSG00000183421,0.06700488,0.9329951
3475,ENSG00000100697,0.067556545,0.9324435
4628,ENSG00000000938,0.06763556,0.93236446
2373,ENSG00000245848,0.06806999,0.93193
6157,ENSG00000184216,0.06839394,0.9316061
13473,ENSG00000104833,0.06846469,0.9315353
3034,ENSG00000164400,0.06864593,0.9313541
11800,ENSG00000019549,0.06879551,0.9312045
2496,ENSG00000172757,0.069077484,0.9309225
6423,ENSG00000132510,0.06948398,0.930516
9889,ENSG00000204264,0.06978799,0.930212
10772,ENSG00000137154,0.06987587,0.9301241
10874,ENSG00000124813,0.0701401,0.9298599
5651,ENSG00000274618,0.07014872,0.9298513
12639,ENSG00000120708,0.07018836,0.92981166
8360,ENSG00000007171,0.07020484,0.92979515
9592,ENSG00000138398,0.07022691,0.9297731
12647,ENSG00000198959,0.07061507,0.92938495
10648,ENSG00000134318,0.07061629,0.9293837
13046,ENSG00000118503,0.07087136,0.92912865
7149,ENSG00000095015,0.071342304,0.92865765
4178,ENSG00000134954,0.07137842,0.9286216
1930,ENSG00000132906,0.07139568,0.9286043
4025,ENSG00000106991,0.07179792,0.92820203
7884,ENSG00000118513,0.07251355,0.9274865
14118,ENSG00000108953,0.07302675,0.9269733
2178,ENSG00000177455,0.0733064,0.92669356
5997,ENSG00000269335,0.07337944,0.9266206
4092,ENSG00000136628,0.07348136,0.9265186
2266,ENSG00000099804,0.07410635,0.92589366
10475,ENSG00000143878,0.07417932,0.9258207
6631,ENSG00000111057,0.07460774,0.9253922
2124,ENSG00000105173,0.074946694,0.92505336
9869,ENSG00000080815,0.07522211,0.9247779
13807,ENSG00000165280,0.075376354,0.9246236
7005,ENSG00000226979,0.07540091,0.92459905
6794,ENSG00000131042,0.07559506,0.9244049
9585,ENSG00000196262,0.07566945,0.9243306
5830,ENSG00000096384,0.075858645,0.92414135
12582,ENSG00000120156,0.076112084,0.9238879
11228,ENSG00000099995,0.07634374,0.9236563
3828,ENSG00000074266,0.07681574,0.9231843
14041,ENSG00000198373,0.07740231,0.9225977
721,ENSG00000265190,0.07769506,0.9223049
12663,ENSG00000178726,0.07790233,0.9220977
4674,ENSG00000196924,0.07846278,0.9215372
8432,ENSG00000123358,0.07850672,0.9214933
5843,ENSG00000173110,0.0785356,0.92146444
8158,ENSG00000129559,0.07899669,0.9210033
2118,ENSG00000157456,0.079113826,0.9208862
5504,ENSG00000196591,0.07944922,0.92055076
11330,ENSG00000164690,0.07958064,0.92041934
7283,ENSG00000100297,0.07960762,0.92039233
3132,ENSG00000055130,0.07972917,0.92027086
5831,ENSG00000166598,0.079814576,0.9201854
14020,ENSG00000114251,0.07982992,0.92017007
8430,ENSG00000113580,0.08003713,0.9199629
14117,ENSG00000166913,0.08015491,0.9198451
12768,ENSG00000196664,0.08031689,0.9196831
8847,ENSG00000115687,0.080541246,0.9194588
6215,ENSG00000005844,0.080730975,0.919269
11051,ENSG00000115884,0.080792636,0.9192074
10479,ENSG00000155366,0.08095831,0.9190417
2283,ENSG00000094804,0.08111458,0.91888547
12168,ENSG00000138378,0.08124852,0.9187515
4663,ENSG00000096060,0.08126707,0.91873294
8220,ENSG00000100906,0.08144696,0.91855305
7893,ENSG00000134323,0.081659675,0.9183404
6772,ENSG00000139292,0.081831954,0.91816807
2197,ENSG00000178562,0.08225732,0.91774267
2825,ENSG00000187498,0.08261025,0.91738975
1920,ENSG00000137752,0.0828729,0.9171271
9759,ENSG00000163932,0.08289826,0.91710174
9008,ENSG00000100311,0.0834592,0.9165408
13907,ENSG00000015285,0.083585516,0.9164145
16,ENSG00000157426,0.083861426,0.9161385
9362,ENSG00000105559,0.08462004,0.91537994
7204,ENSG00000186868,0.08501147,0.9149885
14092,ENSG00000176105,0.08520298,0.914797
7356,ENSG00000081189,0.08533538,0.9146646
4605,ENSG00000113578,0.085626446,0.9143736
9124,ENSG00000102144,0.085741185,0.9142588
9881,ENSG00000008018,0.0862135,0.91378653
13928,ENSG00000128815,0.08633429,0.9136657
2352,ENSG00000100526,0.08650195,0.91349804
1395,ENSG00000125845,0.08689861,0.91310143
4053,ENSG00000163508,0.08699331,0.9130067
9966,ENSG00000120899,0.087010615,0.9129894
11390,ENSG00000077463,0.08709721,0.9129028
7267,ENSG00000076706,0.08848904,0.91151094
9890,ENSG00000240065,0.08873149,0.9112685
7181,ENSG00000185386,0.088834874,0.9111651
3225,ENSG00000142871,0.0891838,0.9108162
3038,ENSG00000119535,0.08928535,0.9107146
12764,ENSG00000164342,0.08937348,0.91062653
13515,ENSG00000265972,0.090050876,0.9099491
10558,ENSG00000115963,0.090612,0.909388
1316,ENSG00000113916,0.09079907,0.90920097
13578,ENSG00000078140,0.09111348,0.90888655
8204,ENSG00000131196,0.09141212,0.9085879
1079,ENSG00000057663,0.091751195,0.9082488
9721,ENSG00000117592,0.09181941,0.9081806
5998,ENSG00000185811,0.09209507,0.907905
7899,ENSG00000133392,0.09210899,0.90789104
3905,ENSG00000172071,0.09211585,0.9078841
4879,ENSG00000116717,0.092196524,0.90780354
8218,ENSG00000109320,0.092335746,0.90766424
2616,ENSG00000122966,0.0926147,0.9073853
9331,ENSG00000122861,0.09264259,0.9073574
3738,ENSG00000138166,0.092665344,0.9073346
7163,ENSG00000135341,0.09273975,0.90726024
11839,ENSG00000100028,0.09283037,0.9071696
9716,ENSG00000117450,0.09322878,0.90677124
9571,ENSG00000109819,0.09352608,0.90647393
1047,ENSG00000119778,0.09355041,0.90644956
9891,ENSG00000100764,0.09357346,0.9064265
3554,ENSG00000132002,0.09382311,0.9061769
3503,ENSG00000132535,0.0941146,0.9058854
5743,ENSG00000104824,0.0941405,0.90585953
13133,ENSG00000163781,0.094583794,0.9054162
1401,ENSG00000101144,0.094663344,0.9053367
9909,ENSG00000103035,0.09566034,0.9043397
13198,ENSG00000131323,0.095728844,0.9042712
3165,ENSG00000163464,0.09574464,0.90425533
5653,ENSG00000197238,0.096011356,0.90398866
7138,ENSG00000140941,0.09620446,0.90379554
2144,ENSG00000163823,0.0962481,0.9037519
13560,ENSG00000213886,0.09657021,0.9034298
13965,ENSG00000103091,0.09668371,0.9033163
13065,ENSG00000067182,0.09704746,0.90295255
186,ENSG00000157766,0.09704803,0.902952
9717,ENSG00000167815,0.09712674,0.9028733
7463,ENSG00000101752,0.09730546,0.9026946
11391,ENSG00000187531,0.097534135,0.9024658
3369,ENSG00000107201,0.09762367,0.90237635
12001,ENSG00000197471,0.09781404,0.902186
11270,ENSG00000118515,0.09843797,0.90156204
5838,ENSG00000204390,0.09858615,0.90141386
3164,ENSG00000138755,0.09874464,0.90125537
10136,ENSG00000144566,0.09893285,0.90106714
13631,ENSG00000154277,0.099265635,0.90073436
5652,ENSG00000158406,0.09937224,0.9006278
8748,ENSG00000185624,0.09963561,0.9003644
4562,ENSG00000150337,0.10018001,0.89982
9615,ENSG00000172531,0.100298606,0.8997014
9589,ENSG00000171497,0.10097013,0.8990299
3033,ENSG00000182578,0.10149909,0.8985009
5646,ENSG00000278637,0.10160395,0.898396
12044,ENSG00000161011,0.10161482,0.8983852
9798,ENSG00000110107,0.101701945,0.898298
6256,ENSG00000101384,0.101782255,0.89821774
4609,ENSG00000129682,0.101932414,0.8980676
8428,ENSG00000185551,0.10224792,0.8977521
7262,ENSG00000197971,0.10244472,0.89755523
5648,ENSG00000197061,0.102667205,0.89733285
7224,ENSG00000166986,0.10286408,0.8971359
10377,ENSG00000162924,0.10295118,0.8970488
4606,ENSG00000070193,0.102965474,0.8970346
12769,ENSG00000101916,0.10308861,0.8969114
6109,ENSG00000171105,0.10312558,0.89687437
3930,ENSG00000161960,0.10328133,0.8967186
12498,ENSG00000112592,0.103448756,0.8965512
10745,ENSG00000142534,0.10350218,0.8964978
0,ENSG00000175899,0.10352471,0.89647526
3837,ENSG00000254772,0.10407174,0.89592826
13902,ENSG00000110799,0.10431779,0.8956822
502,ENSG00000117020,0.1046789,0.89532113
2248,ENSG00000010278,0.10468488,0.8953152
7920,ENSG00000142347,0.10486453,0.89513546
14127,ENSG00000115085,0.10495635,0.8950437
3726,ENSG00000081721,0.10515261,0.89484733
2125,ENSG00000175305,0.105258405,0.8947416
10162,ENSG00000136238,0.105327345,0.8946727
12549,ENSG00000120438,0.1054286,0.89457136
3565,ENSG00000077232,0.10555854,0.8944415
5449,ENSG00000085382,0.10581173,0.8941883
9673,ENSG00000149923,0.10594573,0.8940543
2163,ENSG00000135624,0.10617506,0.89382493
2158,ENSG00000166226,0.106226906,0.8937731
4080,ENSG00000196411,0.106307454,0.89369255
7285,ENSG00000166508,0.10633761,0.89366245
2107,ENSG00000275302,0.10639864,0.89360136
1372,ENSG00000110330,0.106625386,0.8933746
10727,ENSG00000089157,0.10664012,0.8933599
9016,ENSG00000167004,0.106685355,0.89331466
9951,ENSG00000171522,0.10677785,0.89322215
199,ENSG00000159640,0.1070773,0.89292276
7195,ENSG00000050748,0.10803474,0.89196527
13813,ENSG00000111424,0.10804049,0.8919595
1713,ENSG00000244731,0.108550966,0.89144903
5126,ENSG00000114353,0.10856131,0.89143866
5858,ENSG00000120694,0.108981475,0.8910185
6617,ENSG00000108424,0.109089546,0.89091045
3949,ENSG00000158417,0.10908992,0.8909101
1404,ENSG00000107779,0.10931658,0.8906834
11194,ENSG00000135919,0.1096565,0.8903435
6208,ENSG00000115232,0.109688,0.890312
3017,ENSG00000109846,0.109797426,0.8902026
3723,ENSG00000120129,0.109904684,0.8900953
1449,ENSG00000141867,0.110468656,0.8895314
3510,ENSG00000198719,0.110682204,0.8893178
8057,ENSG00000100365,0.110887766,0.88911223
13667,ENSG00000114491,0.11130848,0.8886915
7310,ENSG00000110492,0.111462936,0.8885371
8076,ENSG00000196498,0.11188731,0.8881127
4933,ENSG00000179348,0.11189493,0.8881051
10484,ENSG00000126785,0.112035915,0.8879641
12694,ENSG00000116001,0.11241696,0.887583
2835,ENSG00000142156,0.112430036,0.88756996
9992,ENSG00000111679,0.112590775,0.8874092
244,ENSG00000136518,0.112739,0.88726103
1646,ENSG00000173372,0.1128149,0.8871851
4594,ENSG00000182511,0.11293091,0.88706905
5506,ENSG00000068024,0.11335019,0.88664985
6727,ENSG00000136167,0.11354824,0.8864518
9903,ENSG00000115233,0.1138842,0.8861158
1896,ENSG00000198286,0.1142642,0.8857358
3153,ENSG00000169245,0.11434695,0.885653
6232,ENSG00000113263,0.114347264,0.8856527
2615,ENSG00000114737,0.114405565,0.8855945
13214,ENSG00000126602,0.11478248,0.8852175
5870,ENSG00000197386,0.11485622,0.88514376
834,ENSG00000109321,0.11490243,0.88509756
11198,ENSG00000149257,0.11514085,0.88485914
4566,ENSG00000203747,0.11572216,0.8842778
12494,ENSG00000101849,0.115764745,0.88423526
632,ENSG00000167772,0.11582668,0.88417333
2826,ENSG00000134871,0.11588068,0.8841193
3367,ENSG00000111364,0.11590046,0.88409954
11323,ENSG00000160691,0.115953445,0.8840466
1080,ENSG00000197548,0.11614131,0.8838587
6481,ENSG00000138160,0.11624015,0.88375986
3253,ENSG00000196730,0.11627198,0.883728
10081,ENSG00000103769,0.11637349,0.8836265
3032,ENSG00000184371,0.11640631,0.8835937
2498,ENSG00000003402,0.11657334,0.8834266
5135,ENSG00000172354,0.116607964,0.8833921
4653,ENSG00000141756,0.11666847,0.88333154
5000,ENSG00000162676,0.116825454,0.88317454
9875,ENSG00000106588,0.116904244,0.8830958
378,ENSG00000169252,0.11699298,0.883007
8302,ENSG00000239672,0.11705289,0.8829471
8232,ENSG00000120837,0.11711186,0.88288814
7542,ENSG00000196549,0.117282994,0.88271695
8611,ENSG00000197822,0.1175605,0.8824395
5130,ENSG00000156052,0.117571205,0.8824288
8332,ENSG00000167207,0.11798047,0.8820195
9897,ENSG00000100519,0.117988214,0.8820118
9240,ENSG00000078142,0.11822783,0.88177216
13196,ENSG00000056558,0.11853393,0.88146603
2651,ENSG00000184113,0.118628,0.881372
5647,ENSG00000278705,0.118636444,0.8813636
766,ENSG00000120868,0.118716255,0.88128376
11193,ENSG00000106366,0.11880675,0.8811932
5857,ENSG00000142798,0.11896621,0.8810338
6972,ENSG00000154237,0.11921643,0.88078356
5078,ENSG00000106571,0.11923009,0.8807699
9617,ENSG00000186298,0.11924476,0.8807553
4074,ENSG00000116106,0.11973636,0.8802636
1702,ENSG00000125730,0.119807996,0.880192
4844,ENSG00000174804,0.12004101,0.879959
13602,ENSG00000102178,0.120866746,0.8791332
8496,ENSG00000135318,0.12090879,0.87909114
3124,ENSG00000085733,0.12092194,0.87907803
6498,ENSG00000137807,0.12109904,0.87890095
4657,ENSG00000088832,0.12126072,0.8787393
8825,ENSG00000116288,0.12127008,0.87872994
10166,ENSG00000204628,0.12148208,0.8785179
10483,ENSG00000168421,0.121660836,0.8783391
11910,ENSG00000100146,0.12193538,0.87806463
3937,ENSG00000187840,0.12212144,0.8778786
4731,ENSG00000176692,0.122290194,0.8777098
1356,ENSG00000182492,0.12245693,0.87754303
3121,ENSG00000163131,0.12257822,0.8774218
12763,ENSG00000137462,0.122736335,0.87726367
12692,ENSG00000154096,0.122873954,0.87712604
9055,ENSG00000089220,0.12299588,0.87700415
14019,ENSG00000162552,0.12311994,0.87688005
8075,ENSG00000141027,0.12323916,0.87676084
7190,ENSG00000166484,0.12337389,0.8766261
10001,ENSG00000142949,0.12382946,0.8761705
6804,ENSG00000106683,0.12386173,0.8761383
3355,ENSG00000215301,0.12415824,0.8758418
1189,ENSG00000178999,0.12438831,0.8756117
3159,ENSG00000081041,0.12443111,0.8755689
8415,ENSG00000122585,0.12464028,0.8753597
12170,ENSG00000173757,0.12521073,0.87478924
5839,ENSG00000126803,0.12526557,0.8747344
5935,ENSG00000185745,0.12544231,0.8745576
13066,ENSG00000028137,0.12548919,0.87451077
210,ENSG00000100412,0.12552291,0.8744771
1241,ENSG00000186318,0.12612015,0.87387985
13828,ENSG00000146469,0.12652671,0.8734733
9879,ENSG00000100902,0.12662537,0.8733746
3658,ENSG00000197635,0.12681969,0.8731804
5674,ENSG00000160883,0.12698618,0.87301385
6137,ENSG00000133704,0.12699358,0.87300646
9332,ENSG00000011422,0.12712637,0.87287366
13562,ENSG00000119048,0.12738575,0.87261426
13757,ENSG00000111667,0.12743136,0.87256867
6172,ENSG00000185507,0.12757835,0.8724217
5125,ENSG00000127955,0.12761776,0.8723823
2231,ENSG00000135404,0.12764941,0.87235063
6742,ENSG00000138795,0.12769987,0.8723001
12239,ENSG00000103266,0.12783493,0.8721651
6010,ENSG00000169194,0.12784559,0.87215436
13072,ENSG00000049249,0.12798895,0.872011
12537,ENSG00000196628,0.12806526,0.8719347
10174,ENSG00000051180,0.12811129,0.8718887
9508,ENSG00000068654,0.12827732,0.8717227
10339,ENSG00000100387,0.12871867,0.8712813
3084,ENSG00000102974,0.12886731,0.8711327
2146,ENSG00000121807,0.12890454,0.8710955
13077,ENSG00000102524,0.12901211,0.8709879
11892,ENSG00000109610,0.12922645,0.8707736
9876,ENSG00000100567,0.12931807,0.870682
13472,ENSG00000258947,0.12932503,0.87067497
3056,ENSG00000173546,0.12944749,0.8705525
2334,ENSG00000105810,0.13021058,0.8697894
2172,ENSG00000177575,0.13024613,0.86975384
9961,ENSG00000095303,0.13043033,0.86956966
13612,ENSG00000160803,0.1304494,0.86955065
2816,ENSG00000108821,0.13076855,0.86923146
5437,ENSG00000164032,0.13112307,0.86887693
14121,ENSG00000134308,0.13114506,0.86885494
5866,ENSG00000166033,0.1317875,0.8682125
8188,ENSG00000132688,0.13192248,0.8680775
1871,ENSG00000127022,0.13308701,0.866913
10036,ENSG00000073008,0.1332134,0.8667866
2953,ENSG00000119203,0.13329326,0.8667067
14123,ENSG00000100811,0.1335467,0.8664533
11339,ENSG00000182199,0.13375293,0.86624706
9012,ENSG00000113721,0.13387187,0.86612815
3015,ENSG00000008405,0.1339909,0.86600906
11386,ENSG00000068903,0.13415533,0.86584467
1289,ENSG00000050820,0.13417827,0.8658217
1375,ENSG00000115760,0.13425155,0.8657484
13168,ENSG00000140416,0.13436629,0.86563367
420,ENSG00000123908,0.1348711,0.8651289
7237,ENSG00000007264,0.1349057,0.8650943
10209,ENSG00000153201,0.13495106,0.865049
6539,ENSG00000129911,0.13515367,0.8648463
12766,ENSG00000187554,0.1353887,0.86461127
5103,ENSG00000135821,0.13560206,0.8643979
8055,ENSG00000158517,0.13560583,0.8643942
7545,ENSG00000196611,0.13570608,0.864294
6214,ENSG00000083457,0.13573717,0.8642628
3913,ENSG00000134001,0.13588004,0.86411995
6055,ENSG00000168685,0.13598043,0.8640195
2659,ENSG00000172322,0.13610148,0.8638985
13547,ENSG00000182179,0.13613378,0.8638662
9906,ENSG00000159352,0.13621725,0.86378276
8358,ENSG00000089250,0.13622698,0.863773
6161,ENSG00000198001,0.13694043,0.8630595
9011,ENSG00000134853,0.13709186,0.8629081
7547,ENSG00000137745,0.13735184,0.8626481
10906,ENSG00000143546,0.13739762,0.8626024
6422,ENSG00000147050,0.1376743,0.86232567
9515,ENSG00000102978,0.13789256,0.86210746
8205,ENSG00000101096,0.13824208,0.8617579
208,ENSG00000131473,0.13836771,0.8616323
10477,ENSG00000008853,0.1383783,0.8616217
9206,ENSG00000177595,0.13863082,0.8613692
1840,ENSG00000198668,0.13903862,0.8609614
2810,ENSG00000111799,0.13911931,0.8608807
7737,ENSG00000125445,0.13953581,0.86046416
10172,ENSG00000119318,0.13986081,0.8601392
11373,ENSG00000169375,0.13992539,0.8600746
1506,ENSG00000166167,0.14000273,0.8599973
1960,ENSG00000160200,0.14032474,0.8596752
10778,ENSG00000108443,0.14034466,0.8596553
5714,ENSG00000113161,0.14061753,0.85938245
7161,ENSG00000197442,0.1407004,0.8592996
2833,ENSG00000204262,0.14101052,0.8589895
13474,ENSG00000188229,0.14124939,0.8587506
7584,ENSG00000204655,0.14132088,0.8586791
13561,ENSG00000077721,0.14133346,0.8586666
3519,ENSG00000198947,0.14165002,0.85835
1927,ENSG00000165806,0.14179166,0.85820836
5937,ENSG00000119922,0.14195721,0.8580428
1398,ENSG00000125378,0.1421934,0.85780656
9529,ENSG00000013503,0.1424159,0.8575841
13069,ENSG00000186827,0.14285061,0.85714936
10878,ENSG00000175792,0.14305496,0.8569451
5841,ENSG00000164070,0.14317426,0.85682577
6199,ENSG00000078747,0.14330935,0.8566906
4478,ENSG00000117560,0.14332199,0.85667795
3119,ENSG00000135047,0.14347512,0.85652494
433,ENSG00000135744,0.1435775,0.85642254
2295,ENSG00000140937,0.1439941,0.8560059
5496,ENSG00000180353,0.14408985,0.8559102
6042,ENSG00000147168,0.14420651,0.85579354
9732,ENSG00000180644,0.1444205,0.8555795
11957,ENSG00000145375,0.14489582,0.8551042
7464,ENSG00000197530,0.14505516,0.8549449
1406,ENSG00000204217,0.14526819,0.8547318
3853,ENSG00000115380,0.14534648,0.85465354
5690,ENSG00000204287,0.14571498,0.854285
771,ENSG00000077420,0.14573754,0.8542625
7777,ENSG00000164078,0.1459454,0.85405463
5192,ENSG00000125166,0.14595352,0.85404646
5667,ENSG00000197837,0.14609094,0.853909
8058,ENSG00000158092,0.14612879,0.85387117
2114,ENSG00000133101,0.14620706,0.85379297
4851,ENSG00000092140,0.14642093,0.85357904
9985,ENSG00000175354,0.14643356,0.85356647
226,ENSG00000102575,0.14674425,0.8532557
5855,ENSG00000115541,0.14686626,0.8531337
10802,ENSG00000048392,0.14688711,0.85311294
5739,ENSG00000169045,0.14736563,0.8526344
7898,ENSG00000133026,0.14751087,0.8524891
13991,ENSG00000142784,0.14768498,0.852315
969,ENSG00000143437,0.14818564,0.8518144
14061,ENSG00000082898,0.14853172,0.85146827
2832,ENSG00000130635,0.14866482,0.85133517
8236,ENSG00000064300,0.14911707,0.85088295
5650,ENSG00000276966,0.14919974,0.8508003
2160,ENSG00000115484,0.14971545,0.8502845
11832,ENSG00000077312,0.15007742,0.8499226
3977,ENSG00000049540,0.15011086,0.8498891
243,ENSG00000163017,0.15011115,0.8498889
7284,ENSG00000076003,0.1501222,0.84987783
4773,ENSG00000111816,0.15019755,0.84980243
1405,ENSG00000138696,0.1505243,0.84947574
8206,ENSG00000176953,0.15103915,0.8489609
11069,ENSG00000143252,0.1513606,0.84863937
3353,ENSG00000123136,0.15151985,0.84848017
5691,ENSG00000196126,0.1515349,0.8484651
6882,ENSG00000175445,0.15163998,0.84836
13563,ENSG00000175063,0.15285519,0.84714484
12042,ENSG00000104549,0.15287276,0.8471272
9999,ENSG00000153707,0.15303203,0.846968
3906,ENSG00000128829,0.15305808,0.84694195
13581,ENSG00000130725,0.15312047,0.8468795
10725,ENSG00000161016,0.15349714,0.84650284
3240,ENSG00000153071,0.15360427,0.84639573
5996,ENSG00000263528,0.15365809,0.8463419
11387,ENSG00000142082,0.15391785,0.8460821
9898,ENSG00000173692,0.1539328,0.8460672
4746,ENSG00000184481,0.154088,0.84591204
431,ENSG00000188157,0.15409721,0.84590274
5371,ENSG00000084207,0.1540977,0.8459023
9587,ENSG00000166794,0.15420353,0.84579647
1924,ENSG00000196954,0.1546288,0.8453712
9121,ENSG00000119630,0.15480365,0.8451963
3152,ENSG00000163739,0.15512069,0.8448793
14119,ENSG00000170027,0.15522417,0.84477586
2824,ENSG00000168542,0.15532091,0.84467906
10812,ENSG00000114767,0.15569276,0.84430724
9896,ENSG00000087191,0.15609236,0.84390765
7235,ENSG00000168906,0.15609345,0.8439066
4071,ENSG00000146904,0.15615605,0.843844
126,ENSG00000268500,0.15648845,0.8435116
2184,ENSG00000116824,0.15652713,0.84347284
14015,ENSG00000085741,0.1565328,0.84346724
5938,ENSG00000119917,0.1566492,0.84335077
6257,ENSG00000184916,0.15711688,0.8428831
8334,ENSG00000183691,0.1574896,0.8425104
2375,ENSG00000221869,0.15758206,0.84241796
11793,ENSG00000198742,0.15771464,0.84228534
5314,ENSG00000166923,0.15776418,0.84223586
2222,ENSG00000196776,0.15780327,0.84219676
7038,ENSG00000112799,0.15780908,0.8421909
4246,ENSG00000117525,0.15864952,0.8413505
1394,ENSG00000168487,0.15890536,0.8410947
7079,ENSG00000164109,0.15900712,0.84099287
1373,ENSG00000023445,0.15909995,0.84090006
5649,ENSG00000277157,0.15925285,0.8407472
11245,ENSG00000106483,0.15927747,0.84072256
11689,ENSG00000133302,0.15984502,0.840155
5929,ENSG00000216490,0.15988104,0.84011894
5505,ENSG00000171720,0.16016686,0.83983314
12277,ENSG00000165416,0.16020142,0.8397986
10482,ENSG00000177105,0.16024938,0.83975065
12094,ENSG00000111786,0.16031142,0.8396886
246,ENSG00000072110,0.16049963,0.83950037
2377,ENSG00000153879,0.16072455,0.8392755
3827,ENSG00000102189,0.16072646,0.8392736
7144,ENSG00000034152,0.16079652,0.83920354
10042,ENSG00000130508,0.16083483,0.83916515
11884,ENSG00000120833,0.1610481,0.8389519
175,ENSG00000278540,0.16127194,0.8387281
12418,ENSG00000164691,0.16129352,0.83870643
12730,ENSG00000100234,0.16135755,0.8386425
5834,ENSG00000155304,0.1613893,0.83861065
10488,ENSG00000116574,0.16152859,0.8384714
13587,ENSG00000108106,0.16158657,0.8384134
13016,ENSG00000121933,0.16204391,0.8379561
2229,ENSG00000085063,0.16225001,0.83774996
9927,ENSG00000140368,0.16234078,0.83765924
3036,ENSG00000100368,0.1626094,0.8373906
6643,ENSG00000141068,0.16284092,0.8371591
4044,ENSG00000138185,0.1628813,0.83711874
4498,ENSG00000166147,0.16291735,0.8370826
4675,ENSG00000136068,0.16358605,0.8364139
8499,ENSG00000185652,0.16362818,0.83637184
4763,ENSG00000171049,0.16364686,0.8363531
4076,ENSG00000135333,0.16366997,0.83633
3954,ENSG00000197561,0.16372319,0.8362768
1157,ENSG00000165240,0.1638094,0.8361906
11038,ENSG00000180900,0.16396481,0.83603525
4634,ENSG00000115641,0.16418722,0.83581275
8963,ENSG00000169174,0.16434094,0.8356591
10382,ENSG00000189056,0.16461496,0.835385
7376,ENSG00000153208,0.1646306,0.8353694
2605,ENSG00000179583,0.16496962,0.8350303
54,ENSG00000160179,0.16502146,0.8349786
4855,ENSG00000160211,0.16504548,0.8349545
10171,ENSG00000179262,0.1655199,0.8344801
10273,ENSG00000139687,0.16555975,0.8344403
9885,ENSG00000159377,0.16571808,0.834282
7143,ENSG00000126934,0.16579488,0.83420515
9357,ENSG00000115956,0.16592905,0.834071
3698,ENSG00000096696,0.16597502,0.834025
5747,ENSG00000153187,0.16615288,0.8338471
10480,ENSG00000173156,0.16678414,0.83321583
13170,ENSG00000143549,0.16694833,0.8330517
11731,ENSG00000099956,0.16705345,0.8329466
13841,ENSG00000112303,0.16712116,0.8328789
1197,ENSG00000103126,0.16718,0.83282
13343,ENSG00000196367,0.167331,0.83266896
4257,ENSG00000170323,0.167437,0.832563
6410,ENSG00000004487,0.16743845,0.83256155
13045,ENSG00000185215,0.16748138,0.8325186
6048,ENSG00000104951,0.16769728,0.83230275
8349,ENSG00000147140,0.16786091,0.8321391
3372,ENSG00000137628,0.1678688,0.8321312
367,ENSG00000170425,0.16808815,0.8319118
5659,ENSG00000184260,0.16809668,0.83190334
8365,ENSG00000134250,0.16811703,0.83188295
11389,ENSG00000124523,0.168125,0.831875
5425,ENSG00000145649,0.16856286,0.8314371
10009,ENSG00000139304,0.16875972,0.8312403
538,ENSG00000111275,0.16876285,0.8312372
2705,ENSG00000125656,0.16887242,0.8311276
12146,ENSG00000010327,0.16912341,0.8308765
6177,ENSG00000185950,0.1694786,0.83052146
8731,ENSG00000089041,0.16956536,0.8304347
9259,ENSG00000127445,0.169851,0.830149
12638,ENSG00000119699,0.16990024,0.83009976
2147,ENSG00000183625,0.16990225,0.83009773
9336,ENSG00000137841,0.16991127,0.83008873
9785,ENSG00000171867,0.16998947,0.83001053
10232,ENSG00000131759,0.17001997,0.8299801
8368,ENSG00000204301,0.17011027,0.8298897
5654,ENSG00000273542,0.17039075,0.8296093
4676,ENSG00000128591,0.17042413,0.8295759
5745,ENSG00000099783,0.17082664,0.8291733
6209,ENSG00000161638,0.17088445,0.82911557
9681,ENSG00000119414,0.1708882,0.8291118
7507,ENSG00000187098,0.17099757,0.82900244
9888,ENSG00000136930,0.17104508,0.82895494
13113,ENSG00000078902,0.17108493,0.82891506
281,ENSG00000154734,0.17134888,0.82865113
12540,ENSG00000148737,0.17139667,0.8286033
2239,ENSG00000007312,0.17167354,0.8283264
2328,ENSG00000164885,0.17172988,0.8282701
12149,ENSG00000101972,0.17174457,0.8282554
11244,ENSG00000145423,0.17182635,0.82817364
5655,ENSG00000275126,0.17193642,0.82806355
3955,ENSG00000066044,0.1720981,0.82790184
545,ENSG00000164904,0.17216183,0.8278382
12665,ENSG00000186340,0.17224693,0.827753
533,ENSG00000128918,0.17230834,0.8276917
2164,ENSG00000156261,0.17242688,0.82757306
10498,ENSG00000164327,0.17245394,0.82754606
9887,ENSG00000142507,0.17252126,0.8274787
8419,ENSG00000131910,0.17277092,0.82722914
886,ENSG00000141522,0.17277302,0.827227
6295,ENSG00000173801,0.17285295,0.82714707
820,ENSG00000240583,0.17311884,0.8268811
3470,ENSG00000135829,0.17315088,0.8268491
3150,ENSG00000168329,0.17325811,0.8267418
7084,ENSG00000178573,0.17327145,0.8267285
8869,ENSG00000169564,0.17329633,0.8267036
6692,ENSG00000162511,0.17331854,0.8266815
5006,ENSG00000198380,0.17370191,0.8262981
3208,ENSG00000135929,0.17392072,0.82607925
13840,ENSG00000112299,0.17400081,0.8259992
2241,ENSG00000110651,0.17419966,0.8258003
4534,ENSG00000156804,0.17428946,0.8257106
4083,ENSG00000120915,0.17458746,0.8254126
6547,ENSG00000119138,0.17465752,0.8253425
10786,ENSG00000141564,0.17479838,0.82520163
6225,ENSG00000082781,0.17482054,0.82517946
7001,ENSG00000130592,0.17529605,0.824704
10773,ENSG00000117676,0.17551778,0.8244822
14017,ENSG00000134245,0.17579436,0.82420564
6029,ENSG00000115594,0.17591888,0.8240811
3625,ENSG00000107099,0.17597017,0.8240298
1922,ENSG00000106144,0.17619394,0.82380605
1060,ENSG00000118217,0.17628649,0.82371354
9899,ENSG00000101843,0.17664438,0.8233557
11063,ENSG00000073578,0.17669408,0.8233059
9356,ENSG00000178209,0.17676169,0.8232384
10205,ENSG00000132341,0.17686765,0.8231324
9874,ENSG00000129084,0.17725874,0.82274127
3803,ENSG00000198721,0.17733046,0.82266957
9685,ENSG00000148840,0.17738694,0.82261306
12115,ENSG00000149136,0.17748615,0.8225138
6678,ENSG00000005893,0.17753398,0.822466
1263,ENSG00000138376,0.17763631,0.8223637
1649,ENSG00000159189,0.17771034,0.8222897
13810,ENSG00000213585,0.17780396,0.82219607
11718,ENSG00000113658,0.17790627,0.8220937
5925,ENSG00000163565,0.17791371,0.8220863
11852,ENSG00000100603,0.17800976,0.82199025
4231,ENSG00000104313,0.17814213,0.8218579
9979,ENSG00000196396,0.17815714,0.82184285
8373,ENSG00000086991,0.17841971,0.8215803
190,ENSG00000075239,0.17855358,0.8214464
10917,ENSG00000173432,0.17863673,0.8213633
492,ENSG00000085662,0.17869513,0.82130486
7453,ENSG00000074416,0.17887424,0.8211258
2223,ENSG00000117091,0.17889924,0.8211008
13593,ENSG00000114062,0.1789036,0.8210964
6242,ENSG00000150995,0.17895448,0.8210455
2162,ENSG00000146731,0.17961362,0.82038635
8056,ENSG00000116701,0.17981385,0.8201862
9758,ENSG00000166501,0.17987552,0.8201245
9882,ENSG00000205220,0.1799409,0.8200591
6667,ENSG00000196569,0.1799995,0.82000047
11883,ENSG00000185338,0.1800588,0.81994116
10303,ENSG00000119707,0.18028906,0.81971097
5434,ENSG00000188486,0.18032953,0.8196705
4788,ENSG00000162998,0.18042707,0.8195729
9521,ENSG00000105258,0.18043876,0.81956124
10481,ENSG00000139725,0.18045843,0.8195416
2192,ENSG00000198821,0.18070337,0.8192966
2809,ENSG00000060718,0.18097544,0.81902456
9017,ENSG00000155660,0.18108995,0.81891
7098,ENSG00000081026,0.1811754,0.81882465
8846,ENSG00000138964,0.18127377,0.81872624
9845,ENSG00000116132,0.18129434,0.8187057
4730,ENSG00000054598,0.18131658,0.81868345
6023,ENSG00000150782,0.18160106,0.81839895
1714,ENSG00000224389,0.18178701,0.818213
10444,ENSG00000090104,0.18182424,0.81817573
2110,ENSG00000108688,0.18212773,0.8178723
2121,ENSG00000118971,0.18217684,0.8178231
679,ENSG00000065413,0.18220128,0.8177988
11701,ENSG00000184347,0.18243617,0.81756383
8579,ENSG00000102898,0.18280685,0.81719315
3047,ENSG00000141551,0.18283473,0.81716526
13586,ENSG00000107341,0.18296887,0.81703115
5664,ENSG00000270882,0.18326756,0.81673247
5832,ENSG00000165868,0.18336602,0.81663394
3744,ENSG00000107404,0.18354742,0.8164526
3917,ENSG00000106263,0.18383904,0.8161609
10170,ENSG00000164754,0.18390489,0.8160952
8244,ENSG00000145912,0.18414406,0.815856
4565,ENSG00000072694,0.1841608,0.8158392
391,ENSG00000130396,0.1842135,0.81578654
5007,ENSG00000131459,0.18466486,0.81533515
8523,ENSG00000090273,0.18488808,0.81511194
6044,ENSG00000137033,0.18506907,0.814931
2837,ENSG00000163359,0.18508106,0.814919
14016,ENSG00000105989,0.18514682,0.8148532
5415,ENSG00000169919,0.18523315,0.8147669
6217,ENSG00000138448,0.18527049,0.8147295
12166,ENSG00000170581,0.18565078,0.8143492
11836,ENSG00000124562,0.1858132,0.81418675
4884,ENSG00000178950,0.18587421,0.8141258
13057,ENSG00000164761,0.18587516,0.8141248
6600,ENSG00000055609,0.18593904,0.814061
13127,ENSG00000198900,0.18610768,0.8138923
9937,ENSG00000185920,0.18631722,0.81368285
232,ENSG00000151726,0.18632786,0.8136721
3920,ENSG00000100353,0.18654495,0.81345505
2182,ENSG00000158473,0.18658829,0.81341165
13885,ENSG00000155659,0.18684146,0.8131585
3825,ENSG00000136160,0.18686731,0.81313276
3202,ENSG00000083799,0.18694419,0.81305575
13761,ENSG00000187555,0.18700129,0.8129987
3500,ENSG00000075711,0.18700545,0.81299454
11728,ENSG00000153147,0.18704914,0.8129509
10784,ENSG00000170889,0.18734044,0.81265956
4930,ENSG00000007237,0.1873464,0.8126536
7243,ENSG00000088888,0.18743174,0.81256825
7875,ENSG00000183486,0.1878701,0.81212986
3609,ENSG00000088305,0.18794559,0.8120544
5366,ENSG00000134202,0.18807797,0.811922
13205,ENSG00000131653,0.18822551,0.81177455
235,ENSG00000197142,0.18847872,0.81152123
3362,ENSG00000108654,0.18870921,0.81129074
1116,ENSG00000110955,0.18892618,0.81107384
2098,ENSG00000115009,0.18903218,0.8109678
11423,ENSG00000110911,0.18912148,0.8108785
2875,ENSG00000168090,0.18916517,0.8108348
13933,ENSG00000138442,0.18924212,0.8107579
4861,ENSG00000139112,0.18959679,0.8104032
548,ENSG00000109107,0.18971045,0.8102895
5307,ENSG00000154016,0.19007415,0.80992585
13195,ENSG00000102871,0.19012581,0.8098742
14084,ENSG00000134684,0.19035603,0.809644
12295,ENSG00000177688,0.19045036,0.8095496
8460,ENSG00000174004,0.19056056,0.8094395
13541,ENSG00000130985,0.19118167,0.80881834
7622,ENSG00000005381,0.19131026,0.8086898
1158,ENSG00000123191,0.19167744,0.8083226
2210,ENSG00000135218,0.19177602,0.80822396
6818,ENSG00000079435,0.19180351,0.8081965
7910,ENSG00000065534,0.19184928,0.80815077
3932,ENSG00000141543,0.19190362,0.80809635
1070,ENSG00000085978,0.1920914,0.8079086
11138,ENSG00000187764,0.19217022,0.8078298
7279,ENSG00000073111,0.19217657,0.8078234
12019,ENSG00000166068,0.19251344,0.80748653
5909,ENSG00000182054,0.19285022,0.8071498
6211,ENSG00000135424,0.19304626,0.8069537
11740,ENSG00000108055,0.19322634,0.8067736
5934,ENSG00000115267,0.19323549,0.80676454
10886,ENSG00000186350,0.19323581,0.80676425
5340,ENSG00000109519,0.19341348,0.8065865
6227,ENSG00000139626,0.19367087,0.80632913
6027,ENSG00000115008,0.19392657,0.8060734
3511,ENSG00000128917,0.19408704,0.8059129
8294,ENSG00000140853,0.19434735,0.8056526
13523,ENSG00000025708,0.1944184,0.80558157
8323,ENSG00000166741,0.19464892,0.8053511
8281,ENSG00000114857,0.19480123,0.8051987
9007,ENSG00000197461,0.19485004,0.8051499
5736,ENSG00000138668,0.19509828,0.8049017
5083,ENSG00000126603,0.19509871,0.8049013
4495,ENSG00000163520,0.19529615,0.8047039
2194,ENSG00000139193,0.1953852,0.80461484
1198,ENSG00000168646,0.19592032,0.8040797
10643,ENSG00000169855,0.19596477,0.8040352
6049,ENSG00000077238,0.19599222,0.80400777
4835,ENSG00000082074,0.19627015,0.80372983
3923,ENSG00000130811,0.196441,0.80355906
5114,ENSG00000112312,0.19684514,0.8031549
9931,ENSG00000011304,0.19715625,0.80284375
8750,ENSG00000170515,0.19725753,0.8027425
3746,ENSG00000161202,0.1973249,0.8026751
8939,ENSG00000100889,0.19779779,0.8022022
5570,ENSG00000010704,0.19782181,0.80217814
6599,ENSG00000272333,0.19815935,0.8018406
9752,ENSG00000106617,0.19815998,0.80184
10521,ENSG00000137275,0.19825457,0.8017454
13519,ENSG00000198431,0.19837457,0.80162543
11729,ENSG00000163104,0.19839029,0.8016097
11124,ENSG00000188404,0.1988779,0.80112207
1036,ENSG00000106819,0.19896321,0.80103683
13927,ENSG00000163625,0.19896784,0.8010321
10522,ENSG00000104312,0.19897936,0.8010206
5127,ENSG00000065135,0.19898397,0.80101603
4258,ENSG00000164687,0.19906591,0.8009341
9771,ENSG00000185532,0.19908294,0.8009171
7551,ENSG00000198598,0.19917245,0.80082756
11184,ENSG00000021355,0.19952339,0.8004767
8614,ENSG00000115758,0.1997171,0.8002829
13798,ENSG00000125753,0.19985081,0.8001492
13536,ENSG00000063244,0.19988953,0.8001105
4260,ENSG00000164434,0.20008707,0.7999129
1313,ENSG00000129473,0.20041615,0.79958385
5992,ENSG00000163501,0.2005927,0.7994073
8175,ENSG00000119638,0.20065019,0.79934984
9900,ENSG00000108671,0.20068274,0.79931724
6862,ENSG00000170500,0.20068315,0.7993169
885,ENSG00000123329,0.20068713,0.7993129
1423,ENSG00000169627,0.20083176,0.7991683
9196,ENSG00000143393,0.20100074,0.7989993
9597,ENSG00000131013,0.20105153,0.79894847
12423,ENSG00000177156,0.20110516,0.7988949
4079,ENSG00000182580,0.20156632,0.79843366
7811,ENSG00000100714,0.2017676,0.7982324
4183,ENSG00000175832,0.20195585,0.79804415
13763,ENSG00000124486,0.2021236,0.7978764
262,ENSG00000139567,0.20234315,0.79765683
14022,ENSG00000154764,0.20248258,0.7975174
7010,ENSG00000049323,0.20260346,0.7973966
6015,ENSG00000172349,0.20268564,0.79731435
5350,ENSG00000105723,0.20273797,0.797262
9751,ENSG00000181929,0.20276864,0.7972314
9342,ENSG00000124181,0.2027998,0.79720014
4661,ENSG00000100442,0.20283179,0.79716814
8642,ENSG00000173391,0.20329456,0.7967054
3436,ENSG00000116133,0.20343551,0.7965645
3080,ENSG00000159692,0.2034562,0.7965438
726,ENSG00000131471,0.20347129,0.7965287
9987,ENSG00000134242,0.20350347,0.7964965
9250,ENSG00000141506,0.20360504,0.796395
3156,ENSG00000145824,0.20365301,0.796347
5464,ENSG00000170961,0.20405774,0.79594225
3471,ENSG00000184047,0.2040763,0.7959237
12538,ENSG00000081059,0.20408674,0.7959133
6040,ENSG00000134460,0.20422111,0.79577893
6651,ENSG00000198910,0.20433989,0.7956601
3118,ENSG00000143387,0.20434213,0.7956579
9050,ENSG00000121440,0.2045009,0.79549915
7988,ENSG00000105835,0.20464976,0.79535025
2263,ENSG00000101224,0.20486425,0.79513574
13053,ENSG00000120889,0.20486464,0.7951353
6485,ENSG00000118193,0.20505477,0.79494524
5771,ENSG00000257017,0.20515384,0.7948461
1703,ENSG00000171860,0.20518698,0.79481304
8203,ENSG00000102908,0.20525841,0.7947416
9718,ENSG00000165672,0.20529342,0.7947066
4593,ENSG00000149781,0.20530908,0.79469097
3861,ENSG00000169242,0.20533521,0.7946648
971,ENSG00000133794,0.20543033,0.7945697
9880,ENSG00000101182,0.20555717,0.7944428
9653,ENSG00000113575,0.20576842,0.79423153
14063,ENSG00000124571,0.20582946,0.79417056
13681,ENSG00000132478,0.20592177,0.79407823
8870,ENSG00000197111,0.20592232,0.7940777
13568,ENSG00000170142,0.20594871,0.7940513
4256,ENSG00000121769,0.20595747,0.7940425
5742,ENSG00000165119,0.20608138,0.79391867
2834,ENSG00000080573,0.20615873,0.7938413
12710,ENSG00000181847,0.20617513,0.79382485
5853,ENSG00000133265,0.20635661,0.79364336
7357,ENSG00000116604,0.2063862,0.7936138
3442,ENSG00000102967,0.20650023,0.79349977
12758,ENSG00000137076,0.20652199,0.793478
5507,ENSG00000108840,0.20664498,0.793355
1514,ENSG00000112578,0.20668206,0.7933179
365,ENSG00000163485,0.20668222,0.7933178
81,ENSG00000143322,0.20694318,0.79305685
13470,ENSG00000137267,0.20700698,0.792993
4799,ENSG00000167996,0.2070237,0.7929763
4756,ENSG00000277117,0.2071654,0.79283464
12009,ENSG00000262655,0.20734823,0.7926518
7145,ENSG00000065559,0.20734899,0.792651
5883,ENSG00000149428,0.20735832,0.7926417
9603,ENSG00000138032,0.2075164,0.79248357
9316,ENSG00000116711,0.20755814,0.79244184
4574,ENSG00000085265,0.207591,0.792409
7838,ENSG00000039123,0.20761102,0.792389
10010,ENSG00000105426,0.20778856,0.7922114
13629,ENSG00000163960,0.20781827,0.79218173
13499,ENSG00000233608,0.20795718,0.79204285
4878,ENSG00000128683,0.2079573,0.7920427
8427,ENSG00000175745,0.20803456,0.7919654
3689,ENSG00000113360,0.20817351,0.79182655
13633,ENSG00000116750,0.2082324,0.79176766
5132,ENSG00000128266,0.20824562,0.79175436
12580,ENSG00000167074,0.20837416,0.7916258
2861,ENSG00000093010,0.20877056,0.7912295
10856,ENSG00000115310,0.20896874,0.79103124
8848,ENSG00000132849,0.2092251,0.7907749
10956,ENSG00000031698,0.20936358,0.79063636
4101,ENSG00000164307,0.20937937,0.79062057
1892,ENSG00000116489,0.20943758,0.79056245
6173,ENSG00000140968,0.20952237,0.7904777
3167,ENSG00000186810,0.20962042,0.7903796
4241,ENSG00000124491,0.20968117,0.7903188
6105,ENSG00000165458,0.20968919,0.7903108
10408,ENSG00000049541,0.209845,0.790155
6305,ENSG00000065427,0.20994477,0.7900553
13234,ENSG00000095970,0.21009296,0.789907
6205,ENSG00000164171,0.21030271,0.7896973
13050,ENSG00000163154,0.21075411,0.78924584
3373,ENSG00000181381,0.21086675,0.78913325
3550,ENSG00000086061,0.21113034,0.7888697
12052,ENSG00000198911,0.21117988,0.78882015
13961,ENSG00000196363,0.21121909,0.78878087
5133,ENSG00000078369,0.21128248,0.78871757
12440,ENSG00000120948,0.21134357,0.7886564
8861,ENSG00000185630,0.21169885,0.78830117
3717,ENSG00000140279,0.21170714,0.7882928
6004,ENSG00000110324,0.21175331,0.7882467
534,ENSG00000184254,0.21187225,0.7881277
9238,ENSG00000011405,0.2121704,0.7878296
12636,ENSG00000140682,0.21226396,0.787736
6764,ENSG00000168961,0.21230891,0.7876911
3347,ENSG00000165732,0.21246286,0.78753716
8048,ENSG00000121152,0.21257441,0.7874256
8009,ENSG00000132780,0.2125876,0.7874124
13611,ENSG00000188021,0.21259448,0.78740555
1902,ENSG00000187796,0.2129599,0.7870401
105,ENSG00000268643,0.21311337,0.7868867
435,ENSG00000144891,0.21337827,0.78662175
8178,ENSG00000101158,0.21358146,0.7864185
11986,ENSG00000066336,0.21360447,0.7863955
13514,ENSG00000115514,0.2137018,0.7862982
10003,ENSG00000149177,0.21374646,0.7862536
651,ENSG00000148677,0.21375878,0.78624123
2459,ENSG00000198848,0.21378668,0.7862133
11833,ENSG00000131876,0.21388638,0.78611356
2196,ENSG00000103855,0.21397506,0.7860249
13388,ENSG00000011105,0.21397673,0.7860233
8223,ENSG00000146232,0.21401758,0.78598243
4690,ENSG00000248905,0.21415539,0.7858447
12186,ENSG00000168439,0.21421689,0.7857831
5833,ENSG00000132622,0.21423478,0.78576523
360,ENSG00000148926,0.21456075,0.7854392
13468,ENSG00000196230,0.2145798,0.7854202
7443,ENSG00000257335,0.21493407,0.78506595
5129,ENSG00000087258,0.21497162,0.7850284
1328,ENSG00000186716,0.21507476,0.7849253
9195,ENSG00000241973,0.21513218,0.7848678
12767,ENSG00000174130,0.21533984,0.78466016
4510,ENSG00000099364,0.21580724,0.7841928
7865,ENSG00000030304,0.21585728,0.78414273
985,ENSG00000141480,0.21612254,0.7838775
1259,ENSG00000175334,0.21612616,0.78387386
6052,ENSG00000160712,0.2161264,0.78387356
14144,ENSG00000109906,0.21619885,0.7838012
9427,ENSG00000114554,0.21622472,0.78377527
11739,ENSG00000136824,0.21667744,0.7833226
10004,ENSG00000152894,0.21670489,0.7832951
13233,ENSG00000124731,0.21677032,0.7832297
6911,ENSG00000162337,0.21677893,0.78322107
9513,ENSG00000181222,0.21688016,0.7831198
4179,ENSG00000157557,0.21692827,0.78307176
5715,ENSG00000112972,0.21693666,0.7830633
6869,ENSG00000198121,0.21693805,0.783062
3944,ENSG00000106682,0.21705008,0.7829499
8208,ENSG00000100968,0.21707727,0.78292274
12319,ENSG00000178691,0.21725532,0.7827447
14021,ENSG00000111186,0.2174438,0.78255624
2214,ENSG00000198851,0.2174948,0.78250515
5977,ENSG00000115461,0.21771756,0.7822824
6309,ENSG00000172977,0.2177838,0.7822162
4748,ENSG00000128573,0.21793212,0.7820679
2836,ENSG00000142173,0.21798414,0.7820159
6047,ENSG00000113520,0.21802074,0.7819793
3343,ENSG00000088205,0.21839811,0.7816019
6000,ENSG00000161405,0.21842411,0.7815759
11841,ENSG00000139343,0.21842861,0.7815714
4982,ENSG00000125965,0.21852611,0.78147393
7180,ENSG00000109339,0.21854347,0.78145653
3871,ENSG00000108883,0.21863584,0.78136414
11604,ENSG00000168003,0.21890879,0.78109115
2539,ENSG00000133048,0.21900299,0.78099704
9248,ENSG00000117461,0.21906224,0.7809378
9870,ENSG00000143801,0.219525,0.780475
719,ENSG00000197043,0.21976621,0.7802338
7188,ENSG00000141639,0.2199692,0.78003085
4601,ENSG00000127084,0.22024186,0.7797582
11412,ENSG00000117090,0.22030492,0.7796951
12299,ENSG00000092201,0.22046405,0.779536
2243,ENSG00000112149,0.22048241,0.77951753
10013,ENSG00000106278,0.22067122,0.77932876
10238,ENSG00000113643,0.22107667,0.7789233
252,ENSG00000115091,0.22118877,0.7788113
13058,ENSG00000006327,0.2212487,0.7787513
11355,ENSG00000088827,0.22144534,0.77855474
4185,ENSG00000139083,0.22159746,0.77840257
2777,ENSG00000118432,0.22170372,0.7782963
10681,ENSG00000167526,0.22190712,0.77809286
2823,ENSG00000139219,0.22201608,0.77798396
14002,ENSG00000156076,0.22206362,0.77793634
3031,ENSG00000124207,0.22218451,0.7778155
13068,ENSG00000215788,0.2222969,0.77770317
9616,ENSG00000213639,0.22236365,0.7776364
9514,ENSG00000047315,0.22250459,0.7774954
2245,ENSG00000114013,0.2226426,0.77735746
6434,ENSG00000121774,0.2227754,0.77722466
13298,ENSG00000153827,0.22283736,0.7771627
9143,ENSG00000167085,0.2228482,0.77715176
635,ENSG00000145362,0.22287987,0.7771202
458,ENSG00000164022,0.22300854,0.7769915
1355,ENSG00000242252,0.22317128,0.7768287
4494,ENSG00000077942,0.22319657,0.77680343
11719,ENSG00000137834,0.2232204,0.7767796
12569,ENSG00000187079,0.22370902,0.776291
9479,ENSG00000128567,0.22379024,0.7762098
1842,ENSG00000160014,0.22390126,0.77609867
5160,ENSG00000147437,0.22394887,0.7760511
2170,ENSG00000177697,0.2240451,0.7759549
1173,ENSG00000085224,0.22416347,0.7758366
13,ENSG00000090861,0.22426021,0.7757398
9009,ENSG00000145431,0.22428618,0.7757138
11837,ENSG00000167088,0.2243891,0.7756109
724,ENSG00000136250,0.22448012,0.7755199
6932,ENSG00000137507,0.22452939,0.7754706
5948,ENSG00000027697,0.22466537,0.77533466
10142,ENSG00000075785,0.22477363,0.7752264
2150,ENSG00000112486,0.22478868,0.77521133
2676,ENSG00000172243,0.22499599,0.775004
7779,ENSG00000163132,0.2253805,0.7746196
3947,ENSG00000163577,0.22545762,0.77454233
3864,ENSG00000184349,0.2256512,0.77434874
6034,ENSG00000136689,0.22568624,0.7743138
1875,ENSG00000014216,0.22600466,0.77399534
224,ENSG00000143727,0.22625175,0.7737483
12603,ENSG00000168769,0.22640705,0.77359295
10556,ENSG00000172602,0.22646625,0.77353376
5221,ENSG00000152642,0.22656853,0.7734315
14247,ENSG00000172671,0.22678792,0.773212
9886,ENSG00000100804,0.22684549,0.7731545
9033,ENSG00000140992,0.22688143,0.7731186
1836,ENSG00000122786,0.22688612,0.77311385
2704,ENSG00000162129,0.22715712,0.7728429
6601,ENSG00000167548,0.22722457,0.7727754
12091,ENSG00000124193,0.2272355,0.7727645
5808,ENSG00000117594,0.22732148,0.7726785
6527,ENSG00000049130,0.2274435,0.7725565
3604,ENSG00000079805,0.2276482,0.7723518
10133,ENSG00000255587,0.22781064,0.77218944
3941,ENSG00000114867,0.22838071,0.7716193
5220,ENSG00000167588,0.22847594,0.7715241
4488,ENSG00000149806,0.22879013,0.77120984
11794,ENSG00000108854,0.2290779,0.77092206
2122,ENSG00000112576,0.22933614,0.7706639
1660,ENSG00000182326,0.2294996,0.7705004
13717,ENSG00000162607,0.22958569,0.7704143
6821,ENSG00000204020,0.22958815,0.77041185
9988,ENSG00000076201,0.22960657,0.77039343
2200,ENSG00000167851,0.22967342,0.7703266
8557,ENSG00000113569,0.22968943,0.7703105
11211,ENSG00000099381,0.22974096,0.7702591
5705,ENSG00000148357,0.229951,0.770049
9459,ENSG00000100941,0.2299765,0.77002347
5542,ENSG00000130589,0.22999248,0.7700075
4199,ENSG00000182944,0.23017637,0.7698236
7919,ENSG00000157483,0.23036951,0.7696305
1658,ENSG00000159403,0.23044387,0.76955616
11341,ENSG00000197417,0.23050842,0.7694916
3114,ENSG00000196188,0.23056878,0.76943123
1058,ENSG00000128272,0.23057735,0.76942265
2529,ENSG00000171316,0.23062263,0.7693774
4247,ENSG00000198734,0.23076138,0.76923865
9796,ENSG00000117707,0.23079926,0.7692007
11388,ENSG00000089163,0.23090698,0.76909304
2548,ENSG00000134121,0.23095281,0.7690472
13806,ENSG00000035403,0.23096935,0.76903063
5702,ENSG00000256269,0.23112166,0.7688783
7526,ENSG00000168404,0.23123294,0.76876706
2188,ENSG00000090659,0.23133518,0.76866484
2138,ENSG00000129315,0.23144059,0.7685594
6783,ENSG00000128342,0.23144825,0.7685518
799,ENSG00000184730,0.23148489,0.7685151
9606,ENSG00000100034,0.23150302,0.768497
3935,ENSG00000135930,0.23154882,0.76845115
7151,ENSG00000173327,0.23163947,0.76836056
290,ENSG00000158859,0.23167995,0.76832
9489,ENSG00000070501,0.23179984,0.76820016
7159,ENSG00000198909,0.23184097,0.7681591
2860,ENSG00000105664,0.23205051,0.7679495
202,ENSG00000087085,0.2320718,0.7679281
10684,ENSG00000174748,0.23216699,0.76783305
8667,ENSG00000115942,0.23232836,0.76767164
8552,ENSG00000133961,0.23245193,0.7675481
7165,ENSG00000107968,0.23268628,0.7673137
13525,ENSG00000092445,0.23271197,0.76728797
13564,ENSG00000072401,0.23301888,0.76698107
6750,ENSG00000116678,0.2332098,0.7667902
1101,ENSG00000163399,0.23340145,0.7665986
3786,ENSG00000164330,0.2334809,0.7665191
8977,ENSG00000150593,0.23351139,0.76648855
11741,ENSG00000113810,0.23373063,0.7662694
4625,ENSG00000171557,0.23383608,0.76616395
2813,ENSG00000204291,0.23391876,0.7660812
4790,ENSG00000075618,0.23406306,0.765937
4485,ENSG00000083857,0.23406461,0.76593536
3945,ENSG00000100664,0.23465353,0.76534647
9569,ENSG00000112033,0.2349648,0.76503515
7568,ENSG00000163563,0.2351312,0.76486874
5732,ENSG00000122566,0.23516116,0.7648389
2153,ENSG00000121797,0.23516588,0.76483417
9450,ENSG00000122512,0.23523177,0.76476824
3371,ENSG00000110367,0.23560171,0.7643983
7086,ENSG00000204103,0.23571262,0.7642874
2169,ENSG00000170458,0.23574387,0.76425606
12343,ENSG00000135316,0.23592968,0.76407033
5552,ENSG00000138646,0.23597321,0.76402676
387,ENSG00000250349,0.23627402,0.763726
11099,ENSG00000058262,0.23629229,0.7637077
10476,ENSG00000072422,0.23634171,0.76365834
8501,ENSG00000065057,0.23634918,0.76365083
9418,ENSG00000102024,0.23682526,0.7631748
2201,ENSG00000167850,0.23704943,0.7629506
8433,ENSG00000153234,0.23705864,0.7629414
10088,ENSG00000206418,0.23707479,0.7629252
12762,ENSG00000174123,0.2371041,0.76289594
8801,ENSG00000110218,0.23721342,0.7627866
6212,ENSG00000077943,0.23732708,0.76267296
7064,ENSG00000090382,0.23736432,0.7626357
5409,ENSG00000164116,0.23755538,0.76244456
5567,ENSG00000164683,0.23779461,0.76220536
8860,ENSG00000163939,0.23780167,0.7621983
6170,ENSG00000128604,0.23784843,0.7621516
8836,ENSG00000129484,0.23797959,0.7620204
12695,ENSG00000151923,0.23806156,0.7619384
13169,ENSG00000198467,0.23807229,0.76192766
10749,ENSG00000115268,0.23838547,0.7616145
3368,ENSG00000136271,0.23854521,0.76145476
6054,ENSG00000104432,0.2386214,0.7613786
41,ENSG00000125257,0.23918371,0.76081634
7218,ENSG00000019169,0.23931912,0.7606809
9435,ENSG00000004399,0.2394227,0.76057726
13466,ENSG00000127824,0.23992127,0.76007867
11183,ENSG00000196136,0.23995347,0.76004654
13190,ENSG00000164548,0.24000974,0.7599903
2149,ENSG00000160791,0.24032597,0.759674
717,ENSG00000196975,0.24048918,0.7595108
4560,ENSG00000158869,0.2404923,0.7595077
9604,ENSG00000170836,0.24053182,0.75946814
9021,ENSG00000152256,0.24057083,0.7594292
9905,ENSG00000108344,0.24074553,0.7592545
11068,ENSG00000117118,0.24105951,0.7589405
7154,ENSG00000006062,0.24121398,0.75878596
11456,ENSG00000110436,0.24127744,0.7587226
10144,ENSG00000167461,0.24152471,0.75847524
4881,ENSG00000130222,0.24171488,0.7582851
2228,ENSG00000116815,0.24206418,0.7579358
13598,ENSG00000130939,0.24212667,0.7578733
5656,ENSG00000203812,0.24216865,0.7578313
2095,ENSG00000275385,0.24225406,0.7577459
2217,ENSG00000010610,0.24236177,0.7576383
2764,ENSG00000111596,0.24267022,0.75732976
13156,ENSG00000078900,0.24292012,0.7570799
13589,ENSG00000244687,0.24300437,0.7569956
3763,ENSG00000157540,0.24305043,0.75694954
1007,ENSG00000065802,0.24306661,0.75693333
6307,ENSG00000108773,0.2431396,0.75686044
4699,ENSG00000122176,0.24334231,0.7566577
10024,ENSG00000055917,0.24340221,0.75659776
11055,ENSG00000137575,0.24341828,0.7565817
11914,ENSG00000164736,0.24360266,0.7563973
9395,ENSG00000145632,0.24360517,0.7563948
628,ENSG00000091879,0.24371296,0.75628704
10997,ENSG00000099194,0.2437998,0.7562002
10311,ENSG00000131051,0.24389161,0.75610834
1421,ENSG00000183336,0.2443017,0.7556983
3116,ENSG00000100448,0.24435149,0.7556485
13326,ENSG00000072756,0.24437657,0.75562346
9602,ENSG00000100614,0.24464594,0.7553541
13595,ENSG00000009335,0.24472421,0.7552758
5735,ENSG00000092199,0.24527624,0.7547238
3283,ENSG00000143164,0.24541278,0.75458723
3908,ENSG00000119718,0.24561736,0.7543826
9996,ENSG00000127329,0.24578449,0.7542155
13063,ENSG00000186891,0.24581,0.75418997
1897,ENSG00000204397,0.24606852,0.75393146
11111,ENSG00000007908,0.24614787,0.7538521
6493,ENSG00000112984,0.24626249,0.75373757
4180,ENSG00000006468,0.24650274,0.7534973
10005,ENSG00000173482,0.24656272,0.7534373
13805,ENSG00000038427,0.24708892,0.7529111
840,ENSG00000165527,0.2470934,0.75290656
12667,ENSG00000113296,0.24711664,0.7528833
4261,ENSG00000168040,0.24737065,0.7526294
3496,ENSG00000150768,0.24740863,0.7525914
6843,ENSG00000176619,0.24747337,0.7525267
6267,ENSG00000008083,0.2474819,0.75251806
9948,ENSG00000107317,0.2475159,0.7524841
1307,ENSG00000140379,0.24754846,0.75245154
5326,ENSG00000176884,0.24771948,0.75228053
8629,ENSG00000147162,0.24773236,0.75226766
9656,ENSG00000137713,0.24778143,0.7522186
13567,ENSG00000078967,0.24778485,0.75221515
11135,ENSG00000196189,0.24788198,0.75211805
851,ENSG00000081181,0.24793917,0.75206083
1305,ENSG00000127152,0.24807803,0.75192195
4221,ENSG00000077348,0.24820736,0.75179267
4567,ENSG00000162747,0.24872468,0.75127536
1413,ENSG00000176171,0.24873298,0.751267
14025,ENSG00000158955,0.24877335,0.7512266
3035,ENSG00000198223,0.24879287,0.7512071
2715,ENSG00000141367,0.24890552,0.75109446
7558,ENSG00000137673,0.24901958,0.7509804
13905,ENSG00000140105,0.2493702,0.75062984
10831,ENSG00000169218,0.24939732,0.75060266
3135,ENSG00000139842,0.24964853,0.7503515
1508,ENSG00000156970,0.24971132,0.7502887
12363,ENSG00000102003,0.24976555,0.7502344
366,ENSG00000128271,0.24992464,0.7500754
3081,ENSG00000175029,0.2499462,0.75005376
6014,ENSG00000134470,0.24998735,0.75001264
12511,ENSG00000059377,0.24999951,0.7500004
13566,ENSG00000109332,0.25055012,0.7494499
5233,ENSG00000136235,0.25056675,0.74943316
1788,ENSG00000104267,0.2506114,0.7493887
9706,ENSG00000057657,0.25064638,0.7493536
9901,ENSG00000197170,0.25065133,0.7493487
8221,ENSG00000104825,0.250689,0.74931103
8574,ENSG00000110713,0.2507695,0.74923056
818,ENSG00000198931,0.2508496,0.7491504
12457,ENSG00000175463,0.25116894,0.748831
9760,ENSG00000171132,0.25117782,0.74882215
10485,ENSG00000119729,0.25119475,0.7488053
3325,ENSG00000134574,0.25122207,0.74877787
5480,ENSG00000244734,0.25124502,0.74875504
10245,ENSG00000105122,0.25125778,0.7487423
2302,ENSG00000062038,0.25127286,0.74872714
14040,ENSG00000123124,0.25133154,0.7486685
11220,ENSG00000143379,0.2520773,0.7479228
6150,ENSG00000140575,0.25208265,0.74791735
5300,ENSG00000164294,0.25214365,0.74785644
5260,ENSG00000169508,0.25225613,0.74774384
9892,ENSG00000161057,0.25227064,0.74772936
2090,ENSG00000172156,0.25228179,0.7477183
8500,ENSG00000225950,0.2523473,0.7476527
11320,ENSG00000162105,0.2523839,0.7476162
631,ENSG00000136859,0.2523855,0.74761456
871,ENSG00000186517,0.2525288,0.7474712
278,ENSG00000151651,0.2526451,0.7473549
11984,ENSG00000176170,0.25284308,0.7471569
3097,ENSG00000044115,0.25296584,0.74703413
5193,ENSG00000185245,0.25313202,0.746868
3331,ENSG00000168209,0.25313756,0.7468625
5377,ENSG00000137947,0.25326088,0.7467391
713,ENSG00000122359,0.2532778,0.7467222
5124,ENSG00000060558,0.25337148,0.7466285
12293,ENSG00000188612,0.2534584,0.74654156
11288,ENSG00000183918,0.25367224,0.7463278
1951,ENSG00000110395,0.25374,0.7462599
5327,ENSG00000183454,0.2538132,0.7461868
13642,ENSG00000070010,0.25386682,0.7461332
6675,ENSG00000058085,0.25389302,0.74610704
13572,ENSG00000132388,0.25396702,0.746033
5119,ENSG00000163655,0.25422964,0.74577034
636,ENSG00000151150,0.2545656,0.7454344
6043,ENSG00000008517,0.2546076,0.7453924
9895,ENSG00000013275,0.25472304,0.7452769
11733,ENSG00000139613,0.25503746,0.7449625
3742,ENSG00000128951,0.255337,0.74466294
5092,ENSG00000173221,0.25555634,0.74444366
2225,ENSG00000169442,0.25575343,0.7442465
11664,ENSG00000103257,0.25583455,0.7441655
4548,ENSG00000100225,0.25594875,0.7440512
11475,ENSG00000100075,0.25601897,0.74398106
5298,ENSG00000167468,0.2563444,0.7436556
9397,ENSG00000142731,0.25641122,0.74358875
9019,ENSG00000143870,0.25649828,0.7435017
10823,ENSG00000137876,0.2566017,0.74339837
9014,ENSG00000168291,0.25668052,0.74331945
8628,ENSG00000106809,0.25673544,0.74326456
7908,ENSG00000101335,0.25673968,0.7432603
2378,ENSG00000115816,0.25689396,0.74310607
2282,ENSG00000096401,0.25693884,0.7430612
10254,ENSG00000068831,0.2569628,0.74303716
6164,ENSG00000168310,0.2570068,0.74299324
11380,ENSG00000198053,0.25707337,0.74292666
5482,ENSG00000113070,0.2570891,0.74291086
10233,ENSG00000077092,0.25713712,0.7428629
3216,ENSG00000106258,0.25718358,0.7428164
13061,ENSG00000157873,0.2571855,0.7428145
4608,ENSG00000114279,0.25724456,0.7427555
10746,ENSG00000112306,0.25756058,0.7424394
10756,ENSG00000140988,0.2575723,0.74242777
14494,ENSG00000083817,0.25770372,0.7422962
6163,ENSG00000125347,0.25774518,0.74225485
2526,ENSG00000111642,0.2578869,0.74211305
4979,ENSG00000266524,0.25788724,0.74211276
716,ENSG00000138772,0.25794053,0.74205947
13081,ENSG00000117586,0.25799063,0.74200934
13390,ENSG00000100300,0.2580929,0.7419071
11218,ENSG00000145391,0.25809988,0.74190015
13793,ENSG00000204394,0.2581349,0.74186516
13527,ENSG00000107165,0.25840777,0.7415922
4037,ENSG00000138792,0.25862724,0.74137276
10470,ENSG00000106615,0.25895926,0.74104077
261,ENSG00000114739,0.25909415,0.7409058
13993,ENSG00000166483,0.2592643,0.7407357
14174,ENSG00000160685,0.25960237,0.7403977
877,ENSG00000089820,0.25967142,0.74032855
1304,ENSG00000119866,0.25985977,0.7401402
11721,ENSG00000120693,0.25986406,0.7401359
3469,ENSG00000067596,0.25990114,0.7400989
7917,ENSG00000197879,0.25997436,0.74002564
359,ENSG00000156110,0.260107,0.73989296
13202,ENSG00000076604,0.26021796,0.73978204
10897,ENSG00000163221,0.2605162,0.7394838
540,ENSG00000072210,0.2606096,0.73939043
6294,ENSG00000130522,0.2607454,0.7392546
14104,ENSG00000136758,0.26088965,0.7391104
4813,ENSG00000089280,0.26091757,0.73908234
5332,ENSG00000173020,0.26106846,0.7389316
8738,ENSG00000175591,0.26114795,0.7388521
2233,ENSG00000110848,0.26126015,0.73873985
12384,ENSG00000055208,0.2613581,0.7386419
14120,ENSG00000128245,0.26148662,0.7385134
8077,ENSG00000189430,0.26180732,0.7381926
5297,ENSG00000211445,0.26191464,0.7380854
9914,ENSG00000131467,0.26211762,0.7378824
3527,ENSG00000185800,0.26222536,0.7377746
14814,ENSG00000109917,0.2624551,0.7375449
13327,ENSG00000067445,0.26307583,0.7369242
3801,ENSG00000127884,0.26315424,0.73684573
177,ENSG00000111271,0.26323494,0.73676497
4827,ENSG00000129245,0.2632805,0.7367195
3027,ENSG00000062485,0.26335382,0.7366462
8061,ENSG00000123338,0.26347175,0.7365283
2204,ENSG00000186074,0.26348013,0.7365199
10452,ENSG00000150681,0.2635538,0.73644626
12626,ENSG00000160180,0.26360017,0.7363998
9593,ENSG00000171960,0.26365253,0.7363475
7937,ENSG00000162601,0.26388,0.73612
10891,ENSG00000163785,0.26396838,0.7360316
303,ENSG00000160710,0.26399603,0.73600394
9748,ENSG00000131791,0.2642819,0.7357181
153,ENSG00000272772,0.2647189,0.73528117
2863,ENSG00000143207,0.2647215,0.7352784
9893,ENSG00000165916,0.26489618,0.73510385
5746,ENSG00000125944,0.26502076,0.7349793
14,ENSG00000124608,0.26507547,0.7349245
7550,ENSG00000156103,0.2650838,0.73491627
2127,ENSG00000113328,0.26508594,0.7349141
7886,ENSG00000185697,0.26541966,0.73458034
2236,ENSG00000137101,0.26542762,0.7345724
12099,ENSG00000138385,0.26561648,0.7343835
10751,ENSG00000105193,0.2656922,0.73430777
13160,ENSG00000162341,0.26569834,0.7343016
5179,ENSG00000113384,0.26588795,0.734112
7748,ENSG00000110079,0.26590812,0.7340919
7615,ENSG00000196199,0.26606277,0.7339372
